-- phpMyAdmin SQL Dump
-- version 5.1.0
-- https://www.phpmyadmin.net/
--
-- Máy chủ: 127.0.0.1
-- Thời gian đã tạo: Th3 02, 2022 lúc 08:37 PM
-- Phiên bản máy phục vụ: 10.4.19-MariaDB
-- Phiên bản PHP: 8.0.6

SET SQL_MODE = "NO_AUTO_VALUE_ON_ZERO";
START TRANSACTION;
SET time_zone = "+00:00";


/*!40101 SET @OLD_CHARACTER_SET_CLIENT=@@CHARACTER_SET_CLIENT */;
/*!40101 SET @OLD_CHARACTER_SET_RESULTS=@@CHARACTER_SET_RESULTS */;
/*!40101 SET @OLD_COLLATION_CONNECTION=@@COLLATION_CONNECTION */;
/*!40101 SET NAMES utf8mb4 */;

--
-- Cơ sở dữ liệu: `estore`
--

-- --------------------------------------------------------

--
-- Cấu trúc bảng cho bảng `categories`
--

CREATE TABLE `categories` (
  `id` bigint(20) UNSIGNED NOT NULL,
  `parent_id` bigint(20) UNSIGNED DEFAULT NULL,
  `title` varchar(191) COLLATE utf8mb4_unicode_ci DEFAULT NULL,
  `active` tinyint(1) NOT NULL DEFAULT 1,
  `created_at` timestamp NULL DEFAULT NULL,
  `updated_at` timestamp NULL DEFAULT NULL
) ENGINE=InnoDB DEFAULT CHARSET=utf8mb4 COLLATE=utf8mb4_unicode_ci;

--
-- Đang đổ dữ liệu cho bảng `categories`
--

INSERT INTO `categories` (`id`, `parent_id`, `title`, `active`, `created_at`, `updated_at`) VALUES
(11, NULL, 'Điện thoại', 1, '2022-03-02 18:21:17', '2022-03-02 18:21:17'),
(12, NULL, 'Tablet', 1, '2022-03-02 18:21:31', '2022-03-02 18:21:31'),
(13, NULL, 'Âm thanh', 1, '2022-03-02 18:21:42', '2022-03-02 18:21:42'),
(14, NULL, 'Đồng hồ', 1, '2022-03-02 18:21:49', '2022-03-02 18:21:49'),
(15, 11, 'Apple', 1, '2022-03-02 18:23:19', '2022-03-02 18:23:19'),
(16, 11, 'Samsung', 1, '2022-03-02 18:23:25', '2022-03-02 18:23:25'),
(17, 11, 'Xiaomi', 1, '2022-03-02 18:23:31', '2022-03-02 18:23:31'),
(18, 11, 'Oppo', 1, '2022-03-02 18:23:40', '2022-03-02 18:23:40'),
(19, 12, 'Ipad', 1, '2022-03-02 18:23:51', '2022-03-02 18:23:51'),
(20, 12, 'Samsung', 1, '2022-03-02 18:24:05', '2022-03-02 18:24:05'),
(21, 13, 'Tai nghe', 1, '2022-03-02 18:24:37', '2022-03-02 18:24:37'),
(22, 13, 'Loa', 1, '2022-03-02 18:24:44', '2022-03-02 18:24:44');

-- --------------------------------------------------------

--
-- Cấu trúc bảng cho bảng `category_product`
--

CREATE TABLE `category_product` (
  `product_id` bigint(20) UNSIGNED NOT NULL,
  `category_id` bigint(20) UNSIGNED NOT NULL
) ENGINE=InnoDB DEFAULT CHARSET=utf8mb4 COLLATE=utf8mb4_unicode_ci;

--
-- Đang đổ dữ liệu cho bảng `category_product`
--

INSERT INTO `category_product` (`product_id`, `category_id`) VALUES
(2, 16),
(3, 15),
(4, 17),
(5, 17),
(6, 11),
(7, 11),
(8, 18),
(9, 19),
(10, 11),
(11, 20),
(12, 22),
(13, 22),
(14, 21),
(15, 11);

-- --------------------------------------------------------

--
-- Cấu trúc bảng cho bảng `failed_jobs`
--

CREATE TABLE `failed_jobs` (
  `id` bigint(20) UNSIGNED NOT NULL,
  `connection` text COLLATE utf8mb4_unicode_ci NOT NULL,
  `queue` text COLLATE utf8mb4_unicode_ci NOT NULL,
  `payload` longtext COLLATE utf8mb4_unicode_ci NOT NULL,
  `exception` longtext COLLATE utf8mb4_unicode_ci NOT NULL,
  `failed_at` timestamp NOT NULL DEFAULT current_timestamp()
) ENGINE=InnoDB DEFAULT CHARSET=utf8mb4 COLLATE=utf8mb4_unicode_ci;

-- --------------------------------------------------------

--
-- Cấu trúc bảng cho bảng `migrations`
--

CREATE TABLE `migrations` (
  `id` int(10) UNSIGNED NOT NULL,
  `migration` varchar(191) COLLATE utf8mb4_unicode_ci NOT NULL,
  `batch` int(11) NOT NULL
) ENGINE=InnoDB DEFAULT CHARSET=utf8mb4 COLLATE=utf8mb4_unicode_ci;

--
-- Đang đổ dữ liệu cho bảng `migrations`
--

INSERT INTO `migrations` (`id`, `migration`, `batch`) VALUES
(1, '2014_10_12_000000_create_users_table', 1),
(2, '2014_10_12_100000_create_password_resets_table', 1),
(3, '2019_08_19_000000_create_failed_jobs_table', 1),
(4, '2021_05_20_025105_create_products_table', 1),
(5, '2021_05_20_030902_create_categories_table', 1),
(6, '2021_06_27_221635_create_category_product_table', 1);

-- --------------------------------------------------------

--
-- Cấu trúc bảng cho bảng `password_resets`
--

CREATE TABLE `password_resets` (
  `email` varchar(191) COLLATE utf8mb4_unicode_ci NOT NULL,
  `token` varchar(191) COLLATE utf8mb4_unicode_ci NOT NULL,
  `created_at` timestamp NULL DEFAULT NULL
) ENGINE=InnoDB DEFAULT CHARSET=utf8mb4 COLLATE=utf8mb4_unicode_ci;

-- --------------------------------------------------------

--
-- Cấu trúc bảng cho bảng `products`
--

CREATE TABLE `products` (
  `id` bigint(20) UNSIGNED NOT NULL,
  `user_id` bigint(20) UNSIGNED NOT NULL,
  `title` varchar(191) COLLATE utf8mb4_unicode_ci NOT NULL,
  `summary` text COLLATE utf8mb4_unicode_ci NOT NULL,
  `image` text COLLATE utf8mb4_unicode_ci NOT NULL,
  `price` decimal(12,2) NOT NULL,
  `quantity` smallint(6) NOT NULL,
  `discount` decimal(8,2) NOT NULL DEFAULT 0.00,
  `banner_1` tinyint(1) NOT NULL DEFAULT 0,
  `banner_2` tinyint(1) NOT NULL DEFAULT 0,
  `active` tinyint(1) NOT NULL DEFAULT 1,
  `created_at` timestamp NULL DEFAULT NULL,
  `updated_at` timestamp NULL DEFAULT NULL
) ENGINE=InnoDB DEFAULT CHARSET=utf8mb4 COLLATE=utf8mb4_unicode_ci;

--
-- Đang đổ dữ liệu cho bảng `products`
--

INSERT INTO `products` (`id`, `user_id`, `title`, `summary`, `image`, `price`, `quantity`, `discount`, `banner_1`, `banner_2`, `active`, `created_at`, `updated_at`) VALUES
(2, 1, 'Samsung Galaxy Note 20 Ultra 5G', '<h2><strong>Điện thoại Samsung Note 20 Ultra 5G - Sang trọng, hiệu năng vượt trội</strong></h2><p>Bên cạnh biên bản Galaxy Note 20 thường, Samsung còn cho ra mắt <strong>Note 20 Ultra 5G</strong> cho khả năng kết nối dữ liệu cao cùng thiết kế nguyên khối sang trọng, bắt mắt. Đây sẽ là sự lựa chọn hoàn hảo dành cho bạn để sử dụng mà không bị lỗi thời sau thời gian dài ra mắt.</p><p>Ngoài ra, bạn có thể tham khảo <a href=\"https://cellphones.com.vn/samsung-galaxy-z-fold-3.html\">Galaxy Z Fold 3 5G</a> nếu bạn cần sự khác biệt và khẳng định đẳng cấp.</p><h3><strong>Thiết kế khung nhôm nguyên khối, mặt sau kính cường lực sang trọng</strong></h3><p>Là một sản phẩm có kích thước màn hình lớn vì vậy Samsung đã trang bị cho Galaxy Note 20 Ultra 5G&nbsp; với công nghệ kết nối dữ liệu mạnh mẽ cùng thiết kế nguyên khối. Giúp các linh kiện bên trong điện thoại được cố định chắc chắn đảm bảo mọi thứ bên trong luôn được an toàn. Không những vậy khung nhôm tạo trên những đường viền cực kỳ sang trọng và bắt mắt khi nhìn vào.</p>', 'https://cdn.cellphones.com.vn/media/catalog/product/cache/1/small_image/9df78eab33525d08d6e5fb8d27136e95/y/e/yellow_final_2.jpg', '32990000.00', 2000, '37.00', 1, 1, 1, '2022-03-02 18:32:00', '2022-03-02 18:40:59'),
(3, 1, 'Apple iPhone 13 128GB', '<h2><strong>Đánh giá iPhone 13 - Flagship được mong chờ năm 2021</strong></h2><p>Cuối năm 2020, bộ 4 iPhone 12 đã được ra mắt với nhiều cái tiến. Sau đó, mọi sự quan tâm lại đổ dồn vào sản phẩm tiếp theo – <strong>iPhone 13.</strong> Vậy iP&nbsp;13 sẽ có những gì, hãy tìm hiểu ngay sau đây.</p><h3><strong>Thiết kế với nhiều đột phá</strong></h3><p>Về kích thước, iPhone 13 sẽ có 4 phiên bản khác nhau và kích thước không đổi so với series iPhone 12 hiện tại. Nếu iPhone 12 có sự thay đổi trong thiết kế từ góc cạnh bo tròn (Thiết kế được duy trì từ thời iPhone 6 đến iPhone 11 Pro Max) sang thiết kế vuông vắn (đã từng có mặt trên iPhone 4 đến iPhone 5S, SE).</p><p>Thì trên <a href=\"https://cellphones.com.vn/mobile/apple/iphone-13.html\">điện thoại iPhone 13</a>&nbsp;vẫn được duy trì một thiết kế tương tự. Máy&nbsp;vẫn có phiên bản khung viền thép, một số phiên bản khung nhôm cùng mặt lưng kính. Tương tự năm ngoái, Apple&nbsp;cũng sẽ cho ra mắt 4 phiên bản là iPhone 13, 13 mini, 13 Pro và 13 Pro Max.</p><p><img src=\"https://cdn.cellphones.com.vn/media/wysiwyg/mobile/apple/IPHONE-13-1.jpg\" alt=\"Thiết kế với nhiều đột phá\"></p><p>Phần tai thỏ trên iPhone 13 cũng có thay đổi so với thế hệ trước, cụ thể tai thỏ này được làm nhỏ hơn so với 20%, trong khi đó độ dày của máy vẫn được giữ nguyên.&nbsp;Điểm khác biệt nhất về thiết kế trên thế hệ iPhone 2021 này đó là camera chéo.</p><p>Màu sắc trên mẫu iPhone mới này cũng đa dạng hơn, trong đó nổi bật là iPhone 13 màu hồng. Các màu sắc còn lại đề đã từng được xuất hiện trên các phiên bản trước đó như trắng, đen, đỏ, xanh blue.</p><p><img src=\"https://cdn.cellphones.com.vn/media/wysiwyg/mobile/apple/iphone-13-13.png\" alt=\"Nhiều màu sắc lựa chọn\"></p><h3><strong>Màn hình màn hình Super Retina XDR độ sáng cao</strong></h3><p>Điện thoại iPhone 13 sẽ được sử dụng tấm nền OLED chất lượng cao và có kích thước 6.1 inch, lớn hơn&nbsp;<a href=\"https://cellphones.com.vn/iphone-13-mini.html\">iPhone 13 mini</a> (5.4 inch). Với tấm nền này với công nghệ ProMotion giúp iPhone 13 tiết kiệm pin đến tối đa khi sử dụng. Người dùng cũng có thể dễ dàng điều chỉnh tốc độ làm tươi tùy theo ý thích.</p><p><img src=\"https://cdn.cellphones.com.vn/media/wysiwyg/mobile/apple/IPHONE-13-2.jpg\" alt=\"Màn hình tần số quét 120Hz, sự xuất hiện lại của TouchID\"></p><p>Về khả năng hiển thị, mang đến chất lượng hiển thị vượt trội với màn hình OLED độ phân giải cao, độ sáng lớn. Nhờ đó người dùng có thể nhìn rõ trong nhiều điều kiện sáng khác nhau, kể cả ngoài trời.</p><p>Cụ thể, màn hình&nbsp;Super Retina XDR với độ sáng cao lên đên 800 nits, và tối đa có thể lên tới&nbsp;1200 nits cùng dải màu rộng P3, tỉ lệ tương phản lớn. Phía bên ngoài màn hình được phủ lớp&nbsp;oleophobic giúp chống bám vân tay. Nhờ đó hạn chế được các tình trạng bám bụi bẩn và mồ hôi trong quá trình sử dụng.</p><h3><strong>Camera kép 12MP, hỗ trợ ổn định hình ảnh quang học</strong></h3><p>iPhone 13 có một sự thay đổi lớn về camera so với trên iPhone 12 Series. Cụ thể, iPhone có thể được trang bị ống kính siêu rộng mới giúp máy hiển thị được nhiều chi tiết hơn ở các bức hình thiếu sáng.&nbsp;Trong khi đó ống kính góc rộng có thể thu được nhiều sáng hơn, lên đến 47% giúp chất lượng bức ảnh, video được cải thiện hơn.</p><p>Cụm camera được trang bị tính năng ổn định hình ảnh quang học cùng cảm biến mới, nhờ đó bức hình chụp mang lại khả năng ổn định.</p><p><img src=\"https://cdn.cellphones.com.vn/media/wysiwyg/mobile/apple/IPHONE-13-4.jpg\" alt=\"Camera tiềm vọng, hỗ trợ zoom 10x\"></p><p>Số ống kính trên iPhone 13 vẫn được giữ nguyên so với iPhone 12, chỉ khác về vị trí từng ống kinh. Cả hai ống kính vẫn sở hữu độ phân giải 12MP. Trong đó camera góc rộng được trang bị khẩu độ&nbsp;ƒ / 1.6 trong khi góc siêu rộng là&nbsp;ƒ / 2.4 cùng góc quay 120 độ.</p><p>Với iP13, người dùng có thể quay phim chuyên nghiệp với chế độ điện ảnh. Cụm camera này cũng hỗ trợ người dùng chụp cùng lúc nhiều bức ảnh khác nhau mà không cần nhấc ngón tay. Đặc biệt với chế độ chân dung hỗ trợ làm mờ hậu cảnh chuyên nghiệp giúp toàn bức ảnh tập trung vào chủ thể mà người dùng hướng tới.</p><p>Ở chế độ chụp&nbsp;Smart HDR 4, máy có thể nhận diện được tối đa bốn người khác nhau trong một khung hình. Sau đó sẽ tiến hành tối ưu hóa ánh sáng, độ tương phản và tone mày cho từng người, mang lại một bức ảnh chất lượng tốt nhất.&nbsp;Nếu sử dụng bên đêm để chụp các bức ảnh thiếu sáng, lúc này chế độ&nbsp;Deep Fusion kích hoạt và phân tích chế độ phơi sáng ở từng&nbsp;pixel.&nbsp;</p><p><img src=\"https://cdn.cellphones.com.vn/media/wysiwyg/mobile/apple/IPHONE-13-5.jpg\" alt=\"Chế độ điện ảnh chuyên nghiệp\"></p><p>Nhờ đó, ảnh chụp trên điện thoại hứa hẹn mang đến chất lượng như được chụp từ một máy ảnh chuyên nghiệp. Hình ảnh cho ra với chi tiết rõ, dải nhạy sáng cao, màu sắc chân thực. Khả năng chụp đêm trên 13 cũng được cải thiện với khả năng phơi sáng tốt hơn mang đến nhiêu chi tiết hơn.</p><p>Về camera trước, điện thoại vẫn được trang bị camera đơn nằm trong notch tai thỏ với độ phân giải&nbsp;12MP cùng&nbsp;khẩu độ&nbsp;ƒ / 2.2. Camera selfie này cũng được trang bị nhiều công nghệ chụp ảnh chuyên nghiệp như&nbsp;hiệu ứng bokeh, chế độ điện ảnh,&nbsp;Animoji và Memoji,... mang lại những bức hình selfie chất lượng.</p><p><img src=\"https://cdn.cellphones.com.vn/media/wysiwyg/mobile/apple/IPHONE-13-6.jpg\" alt=\"Camera trước 12MP\"></p><h3><strong>Khả năng quay video được cải thiện</strong></h3><p>Về khả năng quay video, iPhone 13 có thể hỗ trợ quay video 4K ở tốc độ ở ba tốc độ khung hình khác nhau. Máy cũng hỗ trợ tính năng ổn định hình ảnh quang học cùng khả năng zoom 3x.&nbsp;Nhờ đó, hứa hẹn mang để khả năng quay phim chuyên nghiệp.</p><p><img src=\"https://cdn.cellphones.com.vn/media/wysiwyg/mobile/apple/IPHONE-13-7.jpg\" alt=\"Khả năng quay video được cải thiện\"></p><p>iPhone 13 cũng hỗ trợ nhiều công cụ tùy chỉnh nâng cao với công nghệ Dolby Vision cùng khả năng quay Video HDR với độ phân giải 4K. Đặc biệt, người dùng có thể làm mọi việc trên chiếc điện thoại này từ quay phim, chỉnh sửa&nbsp;đến&nbsp;render video một cách mượt mà.</p><h3><strong>Tốc độ 5G tốt hơn với nhiều băng tần</strong></h3><p>Thế hệ iPhone mới được cải thiện chất lượng 5G với nhiều băng tần hơn. Nhờ đó việc xem trực tuyến hay tải xuống dữ liệu diễn ra nhanh hơn. Đặc biệt với chế độ dữ liệu thông minh, thiết bị sẽ tự động phát hiện và giảm tải tốc độ khi không cần thiết kể tiết kiệm năng lượng.</p><p><img src=\"https://cdn.cellphones.com.vn/media/wysiwyg/mobile/apple/IPHONE-13-10.jpg\" alt=\"Chip set gia tăng tốc độ 5G\"></p><h3><strong>Hiệu năng vượt trội với chip Apple A15</strong></h3><p>iPhone 13 Series sẽ được trang bị con chip Apple A15 Bionic, chip set được sản xuất trên quy trình 5nm. Theo nhà sản xuất, con chip&nbsp;Apple A15 Bionic cho CPU nhanh hơn 50% và GPU nhanh hơn 30% so với đối thủ.</p><p><img src=\"https://cdn.cellphones.com.vn/media/wysiwyg/mobile/apple/IPHONE-13-9.jpg\" alt=\"Hiệu năng vượt trội với chip Apple A15\"></p><p>Hiệu năng trên iPhone là một điều khỏi phải bàn cãi. Vẫn mang trọng mình một sức mạnh vượt trội nhờ con chip Apple A15 được tối ưu, hệ điều hành iOS tùy biến. iPhone 13 cũng có thể chiến tốt mọi tựa game mới nhất mới max cấu hình đồ họa, mang đến những trải nghiệm chơi game mượt mà.</p><h3><strong>Công nghệ pin mới nâng cao thời gian sử dụng</strong></h3><p>Với bộ vi xử lý mới được tối ưu, điện thoại iPhone 13 mang lại viên pin với thời gian sử dụng lâu dài hơn. Cũng như mọi năm, Apple không tiết lộ chính xác dung lượng pin cụ thể trên thiết bị của mình. Tuy hiên, theo hãng công bố thì&nbsp;thời lượng sử dụng pin trên iPhone 13 sẽ được gia tăng đáng kể lên khoảng 2,5 tiếng so với thế hệ trước đó.</p><p><img src=\"https://cdn.cellphones.com.vn/media/wysiwyg/mobile/apple/IPHONE13-4.jpg\" alt=\"Công nghệ pin mới nâng cao thời gian sử dụng\"></p><h3><strong>Dung lượng bộ nhớ được mở rộng</strong></h3><p>iPhone 12 sở hữu bộ nhớ tiêu chuẩn 64GB và cao cấp nhất là 512GB. Nhưng sang iPhone 13 lại khác, iPhone 13 phiên bản cao cấp có thể sẽ loại bỏ phiên bản 64GB thay vào đó bản dung lượng bộ nhớ tiêu chuẩn là 128GB cùng tùy chọn dung lượng lớn nhất lên đến 512B.&nbsp;&nbsp;</p><p><img src=\"https://cdn.cellphones.com.vn/media/wysiwyg/mobile/apple/IPHONE-13-11.jpg\" alt=\"Dung lượng bộ nhớ được mở rộng\"></p><p>Về dung lượng RAM, chưa có thông tin chi tiết. Tuy nhiên, dự đoạn sẽ được trang bị bộ nhớ RAM từ 4-6GB. Với dung lượng này, người dùng có thể thoải mái đa nhiệm trong sử dụng hàng ngày.</p><h3><strong>Cách tính năng khác: thẻ sim, wifi, siri</strong></h3><p>Ngoài những điểm trên, iPhone 13 cũng vẫn được trang bị 2 sim (1 sim vật lý và 1 esim), tiếp tục hỗ trợ 5G như trên iPhone 12. Các kết nối không dây khác như wifi, bluetooth cũng được trang bị những công nghệ mới. Hey Siri cũng là một tính năng yêu thích của người dùng iPhone.</p><p><img src=\"https://cdn.cellphones.com.vn/media/wysiwyg/mobile/apple/IPHONE-13-12.jpg\" alt=\"Cách tính năng khác: thẻ sim, wifi, siri\"></p><p>Máy vẫn được trang bị công nghệ mở khóa và bảo mật&nbsp;Face ID - nhận đạng khuôn mặt với tốc độ nhanh hơn. Bên cạnh đó là chuẩn kháng nước và bụi bẩn IP68 theo chuẩn&nbsp;IEC 60529.</p><h2><strong>Điện thoại iPhone 13 giá bao nhiêu? Ra mắt khi nào?</strong></h2><p>Điện thoại iPhone 13 đã được chính thức giới thiệu đến người tiêu dùng tại sự kiện \"California Streaming\" cùng một loạt các sản phẩm Apple khác như&nbsp;iPad mini 6,&nbsp;Apple Watch Series 7 vào ngày 14/9 vừa qua.&nbsp;&nbsp;</p><p>Sản phẩm dự kiến lên kệ với mức giá khoảng gần 25 triệu đồng ở phiên bản tiêu chuẩn và hơn 30 triệu đồng - gần 31 triệu cho phiên bản cấu hình cao cấp nhất. Mức giá này không có sự chênh lệnh quá lớn so với iPhone 12 trước đó. Máy sẽ sớm được lên kệ các thệ thống bán lẻ trong thời gian sắp tới.</p>', 'https://image.cellphones.com.vn/358x/media/catalog/product/i/p/ip13-pro_2.jpg', '24990000.00', 200, '13.00', 1, 1, 1, '2022-03-02 18:40:45', '2022-03-02 19:09:19'),
(4, 1, 'Xiaomi Redmi Note 11', '<h2><strong>Điện thoại Redmi Note 11 - Lựa chọn hàng đầu phân khúc giá rẻ</strong><br>&nbsp;</h2><p>Nếu như Redmi Note 10 là một trong những điện thoại tốt nhất ở thời điểm hiện tại với camera tuyệt vời, thiết kế cao cấp cùng mức giá khá ấn tượng thì người dùng lại hi vọng vào phiên bản mới mang tên <strong>Redmi Note 11</strong> với những nâng cấp nổi bật. Chắc chắn những thông số xung quanh mẫu điện thoại Xiaomi mới này vẫn đang là một ẩn số đối với người hâm mộ.</p><p>Tham khảo ngay <a href=\"https://cellphones.com.vn/xiaomi-redmi-note-11-pro.html\">điện thoại Xiaomi Redmi Note 11 Pro</a> với cấu hình, hệ thống camera ấn tượng hơn.</p><h3><strong>Thiết kế mỏng nhẹ, màu sắc thanh lịch</strong></h3><p>Điện thoại Xiaomi Redmi Note 11 khoác trên mình thiết kế vô cùng thanh lịch và sang trọng. Máy có kích thước nhỏ gọn cùng trọng lượng chỉ khá nhẹ giúp người dùng thoải mái cầm nắm cũng như thao tác trên tay.</p><p><img src=\"https://cdn.cellphones.com.vn/media/wysiwyg/mobile/xiaomi/redmi-note-11-3.jpg\" alt=\"Thiết kế mỏng manh, thanh lịch, chống nước vượt trội với IP68\"></p><p>Bên cạnh khung viền nguyên khối được hoàn thiện bằng chất liệu cao cấp thì mặt trước của Xiaomi Redmi Note 11 được trang bị kính cường lực giúp bảo vệ điện thoại an toàn hơn trước những va chạm khi sử dụng.</p><p>Điện thoại có khả năng chống nước và bụi bẩn vượt trội với chỉ số IP53. Do đó, bạn hoàn toàn yên tâm khi sử dụng dưới trời mưa hoặc không còn lo lắng trong trường hợp chẳng may đánh rơi vào nước.</p><h3><strong>Màn hình 6.43 inch, khả năng hiển thị 16 triệu màu, tần số quét 90Hz</strong></h3><p>Redmi Note 11 được Xiaomi trang bị tấm nền&nbsp;IPS LCD với độ phân phải FHD+ cùng khả năng hiển thị tới 16 triệu màu sẽ mang đến chất lượng hình ảnh vô cùng sống động. Người dùng có thể thoải mái tận hưởng và trải nghiệm những video giải trí hoặc những game đồ hoạ ấn tượng.</p><p><img src=\"https://cdn.cellphones.com.vn/media/wysiwyg/mobile/xiaomi/redmi-note-11-2.jpg\" alt=\"Màn hình 6.47 inch, khả năng hiển thị 16 triệu màu\"></p><p>Bên cạnh đó, kích thước 6.43 inch cùng thiết kế tràn viền giúp mở rộng không gian hiển thị cho người dùng. Tốc độ quét 90Hz mang đến khả năng phản hồi nhanh chóng, thao tác vuốt chạm mượt mà và tiết kiệm tối đa điện năng.</p><h3><strong>Mạnh mẽ với chipset&nbsp;Snapdragon 680</strong></h3><p><strong>Xiaomi Redmi Note 11</strong> sở hữu sức mạnh vượt trội với chipset Snapdragon 680. Kết hợp với bộ vi xử lý là dung lượng RAM lớn mang đến tốc độ xử lý dữ liệu nhanh chóng, chính xác và vô cùng mạnh mẽ. Bạn hoàn toàn có thể xử lý mượt mà các tác vụ đa nhiệm cũng như giải trí đỉnh cao với các game đồ hoạ cực hot hiện nay.</p><p><img src=\"https://cdn.cellphones.com.vn/media/wysiwyg/mobile/xiaomi/redmi-note-11-1.jpg\" alt=\"Mạnh mẽ với chipset Qualcomm Snapdragon 865\"></p><p>Đáp ứng tối đa nhu cầu download và lưu trữ dữ liệu của người dùng là bộ nhớ trong dung lượng bộ nhớ trong lớn 64GB. Bạn hoàn toàn yên tâm và không bị lo ngại về tình trạng đầy bộ nhớ.</p><h3><strong>Chinh phục mọi khoảnh khắc với cụm camera 50MP</strong></h3><p>Xiaomi Redmi Note 11 có khả năng chinh phục mọi khoảnh khắc khi được trang bị cụm camera vô cùng ấn tượng. Độ phân giải của ống kính lần lượt là ống kính chính 50MP và camera phụ 8MP. Cùng với đó là hai ống kính&nbsp;macro 2MP và cảm biến đo độ sâu trường ảnh 2MP ở mặt sau và mặt trước 13MP giúp cho mọi tấm ảnh, ngay cả ảnh chụp selfie được trở nên vô cùng sắc nét và sống động.</p><p><img src=\"https://cdn.cellphones.com.vn/media/wysiwyg/mobile/xiaomi/redmi-note-11-4.jpg\" alt=\"Chinh phục mọi khoảnh khắc với cụm camera 50MP\"></p><p>Ngoài ống kính chất lượng thì trên camera còn được trang bị những công nghệ vô cùng hiện đại như: hỗ trợ zoom quang cùng khả năng quay video chất lượng cao mang đến cho bạn những khung hình cực đẹp như được quay bằng thiết bị chuyên nghiệp.</p><h3><strong>Dung lượng pin 5000 mAh, sạc nhanh 33W</strong></h3><p>Cung cấp năng lượng cho điện thoại là viên pin có dung lượng vô cùng khủng lên tới 5000mAh. Với dung lượng pin này, Redmi Note 11 mang đến cho bạn cả ngày dài trải nghiệm mà không lo bị ngắt quãng vì hết pin.</p><p><img src=\"https://cdn.cellphones.com.vn/media/wysiwyg/mobile/xiaomi/redmi-note-11-5.jpg\" alt=\"Dung lượng pin 5360 mAh, sạc nhanh 65W\"></p><p>Cùng với đó, hãng đã trang bị cho máy công nghệ sạc nhanh với công suất 33W. Người dùng có thể nhanh chóng bổ sung năng lượng cũng như tiết kiệm được tối đa thời gian sạc.</p><h2><strong>Điện thoại Xiaomi Redmi Note 11 giá bao nhiêu tiền?</strong></h2><p>Theo các nguồn thông tin rò rỉ trong thời gian gần đây, điện thoại thông minh Redmi Note 11 sẽ được chính thức giới thiệu đến người tiêu dùng vào cuối tháng 1 năm 2022&nbsp;</p><p>Sản phẩm có nhiều nâng cấp về phần cứng và cấu hình, dự kiến sẽ có giá khởi điểm khoảng 4.5 đến 5.5 triệu đồng cho bản tiêu chuẩn, với mỗi phiên bản cấu hình sẽ có mức giá bán riêng.</p>', 'https://cdn.cellphones.com.vn/media/catalog/product/cache/1/small_image/9df78eab33525d08d6e5fb8d27136e95/8/0/800x800-1-640x640-5_2.png', '4690000.00', 200, '4.00', 0, 0, 1, '2022-03-02 18:44:02', '2022-03-02 18:44:02'),
(5, 1, 'Xiaomi Mi 11 Lite 5G', '<h2><strong>Đánh giá Xiaomi Mi 11 Lite&nbsp;5G - Chip Snapdragon 780G mạnh mẽ</strong></h2><p>Điện thoại Mi 11 Lite 5G<strong>&nbsp;</strong>là sản phẩm tầm trung nhưng vẫn sở hữu rất nhiều điểm nổi bật từ thiết kế đến cấu hình, như trên những chiếc smartphone cao cấp. Đây&nbsp;là một máy đáng để trải nghiệm, với những người dùng có nhu cầu tìm kiếm cho mình một chiếc điện thoại thông minh với màn hình lớn, sạc nhanh và dung lượng lớn nhưng có mức giá tốt.&nbsp;</p><h3><strong>Thiết kế màn hình 6,55 inch tràn viền 90Hz và camera selfie đục lỗ</strong></h3><p>Xiaomi Mi 11 Lite phiên bản 5G có vẻ ngoài khá bắt mắt với màn hình tràn viền, mang đến cho người dùng kích thước màn hình lớn hơn, không gian hiển thị thoải mái.&nbsp;Camera selfie dạng đục lỗ ở góc trên bên trái màn hình, vừa tiết kiệm diện tích, vừa tạo cho smartphone vẻ đẹp sang trọng, cao cấp hơn.</p><p><img src=\"https://cdn.cellphones.com.vn/media/wysiwyg/mobile/xiaomi/xiaomi-mi-11-lite-1_2.jpg\" alt=\"Thiết kế màn hình tràn viền 120Hz và camera selfie đục lỗ\"></p><p>Ngoài ra, màn hình sở hữu tần số quét lên đến 90Hz. Đây là mức tần số quét thường có ở những dòng smartphone cao cấp, giá thành cao. Nên việc Xiaomi Mi 11 Lite sở hữu thông số này là điểm cộng rất lớn.</p><p>Tần số 90Hz giúp màn hình hiển thị chân thực, sắc nét, màu sắc tươi mới trên từng chuyển động, không gặp phải tình trạng xe hay giật hình, kể cả với những khung hình có chuyển động nhanh.</p><p>Máy với thiết kế vô cùng mỏng cùng vân tay được tích hợp trên nút nguồn cạnh bên tiện lợi.</p><p><img src=\"https://cdn.cellphones.com.vn/media/wysiwyg/mobile/xiaomi/xiaomi-mi-11-lite-2_2.jpg\" alt=\"vân tay được tích hợp trên nút nguồn \"></p><h3><strong>Cụm 3 camera sau và hỗ trợ wifi băng tần kép</strong></h3><p>Điện thoại còn sở hữu cụm camera sau với độ phân giải cảm biến chính lên đến 64MP, hai cảm biến phục có độ phân giải 8MP và 5MP. Cảm biến chính 64MP sẽ mang lại cho người dùng những những bức ảnh có độ nét cao.</p><p>Hai cảm biến phụ sẽ hỗ trợ mang lại cho <strong>Xiaomi&nbsp;Mi 11 Lite 5G</strong> khả năng chụp ảnh xóa phông, góc rộng, cho phép bạn chụp ảnh với nhiều chế độ. Cho ra những hình ảnh đa dạng phong cách, chuyên nghiệp hơn.</p><p>Ngoài ra, máy còn hỗ trợ wifi băng tần kép. Vì vậy, khi sử dụng chiếc smartphone này, bạn hoàn toàn có thể bắt được sóng wifi ở cả hai loại băng tần 2.4Gb và 5Gb, dễ dàng sử dụng ở mọi nơi.</p><p><img src=\"https://cdn.cellphones.com.vn/media/wysiwyg/mobile/xiaomi/xiaomi-mi-11-lite-3_2.jpg\" alt=\"Cụm 3 camera sau và hỗ trợ wifi băng tần kép\"></p><h3><strong>Chip Snapdragon 780G và bộ nhớ lên đến 128GB</strong></h3><p>Điện thoại được Xiaomi trang bị chip Snapdragon 780G với hiệu năng được nâng cấp đáng kể so với chip Snapdragon 730G tiền nhiệm, tăng 15% đối với đồ họa. Nhờ đó, máy vẫn có khả năng xử lí tốt, nhanh chóng tác vụ.</p><p>Máy&nbsp;sẽ có dung lượng RAM vô cùng lớn lên đến 8GB RAM. Với dung lượng RAM 8GB hoàn toàn đủ khả năng để điều khiển dữ liệu trên Xiaomi Mi 11 Lite với tốc độ ổn định.</p><p>Bộ nhớ trong 128GB cho phép lưu trữ khá lớn ứng dụng, hình ảnh và video clip. Nếu bạn có nhu cầu lưu trữ và tải nhiều ứng dụng, thì mức dung lượng 128GB đủ sức đáp ứng yêu cầu của bạn.</p><p><img src=\"https://cdn.cellphones.com.vn/media/wysiwyg/mobile/xiaomi/xiaomi-mi-11-lite-4_2.jpg\" alt=\"Chip Snapdragon 732G và bộ nhớ lên đến 128GB\"></p><h3><strong>Dung lượng pin 4250 mAh và hỗ trợ sạc nhanh 33W</strong></h3><p>Một điểm nổi bật khác phải kể đến của Xiaomi Mi 11 Lite 5G, chính là dung lượng pin lên đến 4150 mAh, đây là mức dung lượng khả dụng, có nghĩa là thông số về dung lượng pin sẽ khoảng 4250 mAh.</p><p>Con số này, không chỉ đáp ứng tốt nhu cầu sử dụng cả ngày, mà còn có thể tiếp tục sử dụng đến ngày tiếp theo nếu bạn chỉ sử dụng tác vụ cơ bản.</p><p>Cùng với đó, máy được trang bị khả năng sạc nhanh 33W, giúp điện thoại nhanh chóng đầy pin. Người dùng có thể sạc điện thoại chỉ trong thời gian ngắn, tiết kiệm thời gian để người dùng nhanh chóng tiếp tục công việc, hoạt động.</p><p><img src=\"https://cdn.cellphones.com.vn/media/wysiwyg/mobile/xiaomi/xiaomi-mi-11-lite-5.jpg\" alt=\"Dung lượng pin 4150 mAh và hỗ trợ sạc nhanh 33W\"></p><h2><strong>Điện thoại Xiaomi Mi 11 Lite giá bao nhiêu?</strong></h2><p>Giá bán Mi 11 Lite tại thị trường Trung Quốc là 2299 tệ và 2599 tệ lần lượt cho các phiên bản 8GB/128GB và 8GB/256GB, tương đương 8 triệu và 9.1 triệu đồng. Điện thoại&nbsp;sẽ sớm được giới thiệu tại thị trường Việt Nam với mức giá cực kỳ cạnh tranh, hứa hẹn sẽ là một trong những chiếc smartphone hot nhất phân khúc giá dưới 10 triệu đồng.</p><p>Chiếc smartphone này có tất cả 3 phiên bản màu sắc vô cùng trẻ trung và năng động bao gồm đen, xanh ngọc, vàng&nbsp;giúp khách hàng dễ dàng lựa chọn tùy vào sở thích của từng người.&nbsp;</p><p>Đặc biệt, gần đây nhất, hãng đang dự kiến ra mắt phiên bản khác tương tự với Xiaomi Mi 11 Lite, đó chính là dòng <a href=\"https://cellphones.com.vn/xiaomi-11-lite-5g-ne.html\">điện thoại Xiaomi 11 Lite 5G NE</a> chính hãng. Bạn có thể tham khảo thêm tại CellphoneS nhé.</p>', 'https://cdn.cellphones.com.vn/media/catalog/product/cache/1/small_image/9df78eab33525d08d6e5fb8d27136e95/x/i/xiaomi-mi-11-lite-5g-2_10.png', '10490000.00', 200, '23.00', 1, 1, 1, '2022-03-02 18:45:51', '2022-03-02 18:45:51'),
(6, 1, 'Samsung Galaxy A12', '<h2><strong>Điện thoại Samsung Galaxy A12 – Smartphone giá rẻ cấu hình tốt và pin trâu</strong></h2><p><strong>Samsung A12</strong> là một chiếc smartphone giá rẻ nhưng sở hữu cấu hình ổn định cùng với viên pin 5000mAh cho thời lượng suốt ngày dài. Bên cạnh đó điện thoại cũng sở hữu thiết kế thời trang và phù hợp với xu hướng.</p><h3><strong>Thiết kế đơn giản, 4 phiên bản màu, vân tay cạnh bên</strong></h3><p>Galaxy A12 có thiết kế đơn giản với bốn góc cạnh được bo tròn mềm mại cùng với hai cạnh bên được vát cong nhẹ nhàng tạo cảm giác cầm thoải mái cho người dùng.</p><p>Bên cạnh đó smartphone còn được cho ra mắt với nhiều phiên bản màu Đen, Trắng, Xanh thời trang để bạn có thể lựa chọn màu sắc yêu thích.</p><p><img src=\"https://cdn.cellphones.com.vn/media/wysiwyg/mobile/samsung/samsung-galaxy-a12-1_1.jpg\" alt=\"Thiết kế đơn giản, 4 phiên bản màu và cảm biến vân tay tích hợp ở mặt lưng\"></p><p>Samsung A12 mặc dù có thiết kế nguyên khối và chỉ sử dụng chất liệu nhựa nhưng lại được hoàn thiện vô cùng tỉ mỉ và chính xác nên vẫn mang đến cảm giác cao cấp khi chạm.&nbsp;Máy được hỗ trợ vân tay cạnh bên giúp người dùng mở khóa điện thoại nhanh chóng.</p><h3><strong>Màn hình giọt nước&nbsp; 6.5 inch và tấm nền TFT LCD tái tạo màu tốt</strong></h3><p>Mặc dù là smartphone giá rẻ nhưng Galaxy A12 vẫn sở hữu thiết kế màn hình bắt kịp với xu hướng với màn hình giọt nước và được bo tròn theo kiểu dáng của smartphone. Màn hình 6.5 inch tràn viền cho người dùng góc nhìn rộng, thoải mái tận hưởng không gian hiển thị.</p><p><img src=\"https://cdn.cellphones.com.vn/media/wysiwyg/mobile/samsung/samsung-galaxy-a12-2_1.jpg\" alt=\"Màn hình đục lỗ 6.4 inch và tấm nền TFT LCD tái tạo màu tốt\"></p><p>Sử dụng tấm nền TFT LCD thay vì các loại màn hình LCD thông thường mang đến khả năng tái tạo màu tốt hơn, cho hình ảnh hiển thị có màu sắc chân thực và sống động.</p><p>Smartphone còn có độ phân giải HD+ mặc dù chưa thực sự quá xuất sắc nhưng trên một thiết bị giá rẻ thì màn hình A12 đã đạt chất lượng rất tốt.</p><h3><strong>Hệ thống 4 camera sau với ống kính góc siêu rộng và camera trước 8MP</strong></h3><p>Samsung Galaxy A12 cũng mang đến cho người dùng khả năng chụp ảnh ấn tượng khi trang bị 4 camera sau với camera chính 48MP góc rộng, camera góc siêu rộng 5MP và camera xóa phông 2MP cùng camera cận cảnh 2MP.</p><p>Máy hỗ trợ đầy đủ các tính năng chụp ảnh thông minh như lấy nét tự động, chống rung,…đồng thời hỗ trợ quay phim với chất lượng 1080p sắc nét để bạn có thể quay lại mọi khoảnh khắc đáng nhớ, chụp lại các tài liệu quan trọng một cách nhanh chóng.</p><p><img src=\"https://cdn.cellphones.com.vn/media/wysiwyg/mobile/samsung/samsung-galaxy-a12-3_1.jpg\" alt=\"Hệ thống 3 camera sau với ống kính góc siêu rộng và camera trước 8MP\"></p><p>Ngoài ra, Samsung A12 còn sở hữu camera trước 8MP f/2.0 giúp bạn thực hiện video call chất lượng cao, chụp selfie sắc nét và xinh đẹp.</p><h3><strong>Chipset Helio G35 và RAM 4GB cho sức mạnh ấn tượng</strong></h3><p>Sức mạnh của <strong>Galaxy A12</strong> không hề thua kém bất kỳ dòng smartphone tầm trung nào hiện nay nhờ chipset Helio G35 và RAM 4GB cho tốc độ xử lý nhanh chóng mọi thao tác tác vụ, chạy đa nhiệm mượt mà, dễ dàng chuyển đổi qua lại giữa các đa nhiệm, chơi game tốt.</p><p><img src=\"https://cdn.cellphones.com.vn/media/wysiwyg/mobile/samsung/samsung-galaxy-a12-4_1.jpg\" alt=\"Chipset Snapdragon 450 và RAM 3GB cho sức mạnh ấn tượng\"></p><h3><strong>Pin dung lượng 5000mAh, hỗ trợ sạc nhanh 15W</strong></h3><p>Galaxy A12 đáp ứng cho người dùng thời gian sử dụng lâu dài nhờ được trang bị viên pin dung lượng 5000mAh bền bỉ. Bạn có thể thoải mái sử dụng smartphone mà không lo hết pin liên tục suốt ngày với thời lượng bền bỉ.</p><p><img src=\"https://cdn.cellphones.com.vn/media/wysiwyg/mobile/samsung/samsung-galaxy-a12-5_1.jpg\" alt=\"Pin dung lượng 4000mAh cho thời lượng bền bỉ\"></p>', 'https://cdn.cellphones.com.vn/media/catalog/product/cache/1/small_image/9df78eab33525d08d6e5fb8d27136e95/s/a/samsung-galaxy-a12_2_.jpg', '3900000.00', 200, '9.00', 0, 0, 1, '2022-03-02 18:49:11', '2022-03-02 18:49:11'),
(7, 1, 'ASUS ROG Phone 5S', '<h2><strong>Đánh giá Asus Rog Phone 5S – Điện thoại gaming chuyên nghiệp</strong></h2><p>Ngoài thống lĩnh thị trường laptop, Asus còn hiên ngang thách thức cả thị trường điện thoại chơi game. Với sự ra đời của chiếc <strong>ROG Phone 5S</strong> như hành động củng cố thêm tham vọng trên của Asus, tiếp nối sự thành công của <a href=\"https://cellphones.com.vn/asus-rog-phone-5.html\">Asus ROG Phone 5</a> trước đó.</p><h3><strong>Nâng cấp thiết kế, bộ đôi màn hình siêu đẹp</strong></h3><p>Không cần phải có vẻ ngoài thật hầm hố, ASUS ROG Phone 5S vẫn có thiết kế thật đặc trưng và phong cách. Mặt lưng chính là điểm ấn tượng nhất của chiếc máy này với những đường vân cắt đầy chủ ý, phân chia thành 3 khối khác nhau nhằm thu hút người nhìn từ cái chạm đầu tiên. Điểm nhấn vẫn thuộc về logo ROG được hoàn thiện từ các chấm đèn lỗ RGB có khả năng đổi màu. Còn gì tuyệt hơn khi một chiếc điện thoại có khả năng nhảy múa màu sắc dựa trên các thao tác chơi game của bạn phải không nào.</p><p><img src=\"https://cdn.cellphones.com.vn/media/wysiwyg/mobile/asus/asus-rog-phone-5s-1-min.jpg\" alt=\"Nâng cấp thiết kế, bộ đôi màn hình siêu đẹp\"></p><p>Không chỉ một mà chiếc ASUS ROG Phone 5S được trang bị đến tận hai màn hình. Màn hình chính của ASUS ROG Phone 5S sở hữu tấm nền AMOLED, với khả năng hiển thị màu sắc rực rỡ cùng màu đen sâu tít, mang đến trải nghiệm hình ảnh sống động chưa từng có.</p><p>Bên cạnh đó là là kích thước 6.78 inches vừa đủ để tạo nên khả năng cầm nắm thật chuẩn khi chơi game. Với công nghệ màn hình cao cấp nhất, Asus đã trang bị tần số quét 144Hz – ngang bằng với các màn hình máy tính hiện nay, mang đến hiệu năng chơi game lên đến mức tối đa.</p><p>Ở mặt sau của ASUS ROG Phone 5S còn được trang bị thêm một màn hình nhỏ nhằm hiển thị thêm một số thông tin và thông báo quan trọng như tin nhắn, tên của tựa game,…</p><h3><strong>Hiệu năng mạnh chiến mọi tựa game</strong></h3><p>Bạn sẽ không phải thất vọng bởi cấu hình siêu mạnh mẽ của ASUS ROG Phone 5S. Bởi lẽ con chip Snapdragon mang tên Qualcomm Snapdragon 888 5G được cho là vi xử lý mạnh mẽ nhất của Snapdragon. Chip được sản xuất trên tiến trình 5 nm, tích hợp cùng với CPU Kryo 680 nhằm giúp tăng hiệu suất của khả năng xử lý dữ liệu lên 25% và đồng thời GPU được tích hợp cho khả năng hiển thị đồ họa cao gấp 35% lần so với thế hệ cũ.</p><p><img src=\"https://cdn.cellphones.com.vn/media/wysiwyg/mobile/asus/asus-rog-phone-5s-2-min.jpg\" alt=\"Ấn tượng với hiệu năng chơi game\"></p><p>Ngoài việc nâng cấp hiệu năng, con chip mới nhất của nhà Rồng còn được tích hợp modem kết nối mạng dữ liệu 5G. Tuy mạng dữ liệu 5G chưa được phủ sóng phổ biến ở Việt Nam nhưng đây vẫn là bước tạo đà hoàn hảo của một chiếc máy đỉnh cao cho khả năng chơi game. Để bù đắp cho kết nối 5G, hãng còn trang bị tiêu chuẩn Wifi 6E mang kết nối bền vững dành cho các quốc gia chưa có sự phủ sóng của 5G.</p><p>Tùy vào nhu cầu sử dụng của người dùng mà có thể tự do chọn lựa phiên bản cấu hình, bao gồm 8 GB/ 128 GB, 12 GB/ 256 GB và 16 GB/ 256 GB. Nhưng nhìn chung với 8 GB RAM người dùng đã thỏa thích trải nghiệm tất cả những tựa game hot trên thị trường, bên cạnh đó là 256 GB bộ nhớ trong sẽ mở rộng cho người dùng rất nhiều không gian lưu trữ.</p><h3><strong>Camera lưu trữ mọi khoảnh khắc quan trọng</strong></h3><p>Là cỗ máy chơi game nhưng không vì vậy mà <strong>ASUS ROG Phone 5S</strong> bỏ qua chi tiết quan trọng, đó là camera. Cụm camera ở mặt lưng có đến ba camera với cảm biến chính sở hữu độ phân giải 64 MP và áp dụng cảm biến đến từ nhà SONY cho phép bắt những khoảnh khắc trọn vẹn nhất.</p><p><img src=\"https://cdn.cellphones.com.vn/media/wysiwyg/mobile/asus/asus-rog-phone-5s-3-min.jpg\" alt=\"Camera lưu trữ mọi khoảnh khắc quan trọng\"></p><p>Đi kèm theo đó là hai cảm biến lần lượt có độ phân giải 13MP và 5MP với chức năng chụp ảnh góc siêu rộng và macro cận cảnh. Qua đó, bạn thỏa sức sáng tạo những khung hình của riêng mình và đăng tải nó lên mạng xã hội.</p><h3><strong>Viên pin dung lượng cao</strong></h3><p>Dường như Asus thích việc chia tách thành hai phần, điều này được phân ra thành hai phần bằng nhau. Với tổng dung lượng của viên pin là 6000 mAh và chia làm hai cell pin là 3000 mAh. Qua đó, các game thủ sẵn sàng chơi những tựa game thỏa thích trong cả ngày dài mà không cần phải nạp năng lượng.</p><p><img src=\"https://cdn.cellphones.com.vn/media/wysiwyg/mobile/asus/asus-rog-phone-5s-4-min.jpg\" alt=\"Viên pin dung lượng cao\"></p><p>Với một viên pin khủng thì không thể tách rời với tính năng sạc nhanh. ASUS ROG Phone 5S được trang bị công nghệ sạc nhanh 65 W, sẵn sàng mang đến thời gian nạp năng lượng nhanh chóng chỉ trong 1 giờ.</p><h2><strong>Điện thoại ASUS ROG Phone 5S giá bao nhiêu? Khi nào ra mắt?</strong></h2><p>Với kế hoạch công bố tại Ấn Độ, người dùng sẽ được trên tay sớm sản phẩm này thông qua đường xách tay. Theo chân phiên bản tiền nhiệm mang tên ASUS ROG Phone 5, phiên bản nâng cấp sẽ được ra mắt trong năm 2021, nhưng ở quý 4.</p><p>Để được sở hữu ROG Phone 5S, người dùng sẽ phải bỏ ra một cái giá kha khá nhưng sẽ có sự khác biệt ở từng phiên bản. Ở phiên bản thấp nhất người dùng sẽ phải chi ra trong khoảng 23 triệu và với phiên bản cao nhất, bạn sẽ cần phải bỏ ra với mức giá chát hơn từ 30 triệu.</p>', 'https://cdn.cellphones.com.vn/media/catalog/product/cache/1/small_image/9df78eab33525d08d6e5fb8d27136e95/a/s/asus-rog-phone-5_0002_gsmarena_001_3_1.jpg', '20990000.00', 200, '5.00', 1, 0, 1, '2022-03-02 18:50:18', '2022-03-02 18:50:18'),
(8, 1, 'OPPO Reno4 Pro', '<h2><strong>Điện thoại OPPO Reno 4 Pro - Smartphone thời thượng với cấu hình ấn tượng</strong></h2><p><i>Hãng smartphone nổi tiếng OPPO vừa qua đã trình làng sản phẩm mới thuộc dòng Reno, đó chính là&nbsp;<strong>OPPO Reno 4 Pro</strong> cùng với </i><a href=\"https://cellphones.com.vn/oppo-reno-4.html\"><i>Reno 4</i></a><i>. Đây là chiếc smartphone có thiết kế thời thượng, hiệu năng mạnh mẽ cùng bộ ba camera chụp ảnh ấn tượng, hứa hẹn sẽ là \"siêu phẩm\" đáng chú ý của hãng OPPO trong năm nay.</i></p><h3>Thân máy nguyên khối cứng cáp, màn hình 6.55 inch viền siêu mỏng</h3><p>OPPO Reno4 Pro có sự thay đổi lớn so với Reno 3 Pro, cả về thiết kế lẫn chất liệu. Thay vì có khung máy nhựa, máy sử dụng chất liệu nhôm nguyên khối và được bọc kính cường lực Gorilla Glass 6 ở cả hai mặt trước &amp; sau, góp phần tăng độ cứng cáp lẫn nét sang trọng cho máy.&nbsp;&nbsp;</p><p><img src=\"https://cdn.cellphones.com.vn/media/wysiwyg/mobile/oppo/oppo-reno-4-pro-5.jpg\" alt=\"Thân máy nguyên khối cứng cáp, màn hình 6.55 inch viền siêu mỏng\"></p><p>Một thay đổi về thiết kế đáng chú ý trên Oppo Reno 4 Pro đó là phần viền màn hình siêu mỏng, tạo độ cong bắt mắt trên màn hình. Ngoài ra, màn hình có kích thước 6.55 inch, độ phân giải Full HD+ (2400x1080 pixels) trên nền màu AMOLED.</p><p>Các tính năng hỗ trợ hữu ích khác cho màn hình gồm chế độ màu HDR10+, tần số quét đến 90Hz cho trải nghiệm gaming mượt mà, và cảm biến vân tay quang học được tích hợp ở dưới màn hình giúp mở khóa nhanh hơn.</p><h3>Bộ bốn camera sau đến 48MP với tính năng chống rung quang học OIS</h3><p>Camera luôn là một trong những thế mạnh trên các dòng điện thoại OPPO, và <strong>Reno 4 Pro</strong> cũng không phải ngoại lệ. Chiếc smartphone cao cấp này được trang bị bộ ba camera sau chất lượng, trong đó có ống kính chính 48MP khẩu độ f/1.7 chụp góc rộng, lấy nét tự động Laser AF và tính năng chống rung quang học OIS giúp cho ảnh chụp và video ghi lại vững hơn &amp; không bị nhòe.</p><p>Ngoài ra máy còn 3 ống kính, camera góc rộng 8MP, camera Mono Lens trắng đen 2MP hỗ trợ đo chiều sâu và camera macro 2MP hỗ trợ chụp cận cảnh.</p><p><img src=\"https://cdn.cellphones.com.vn/media/wysiwyg/mobile/oppo/oppo-reno-4-pro-2_1.jpg\" alt=\"Bộ ba camera sau đến 48MP với tính năng chống rung quang học OIS\"></p><p>Mặt trước của Oppo Reno 4 Pro còn có camera selfie đơn độ phân giải 32MP khẩu độ f/2.4. Ống kính trước cho phép người dùng chụp ảnh góc rộng và chế độ màu HDR sắc nét, mang lại những bức ảnh selfie ấn tượng.</p><p><img src=\"https://cdn.cellphones.com.vn/media/wysiwyg/mobile/oppo/oppo-reno-4-pro-1_1.jpg\" alt=\"amera selfie đơn độ phân giải 32MP\"></p><h3>Vi xử lý Snapdragon 720G 8 nhân thỏa sức chiến game và dùng mạng 5G</h3><p>Để tạo hiệu năng tốt nhất cho nhu cầu gaming lẫn sử dụng mạng 5G, OPPO đã trang bị cho <strong>Oppo Reno4 Pro</strong> bộ vi xử lý Qualcomm Snapdragon 720G 8 nhân 7nm. Kết hợp cùng chip GPU Adreno 618, máy sẽ có tốc độ xử lý cấu hình nhanh hơn 10% và hiệu năng mạnh mẽ, mang lại đồ họa game sắc nét đỉnh cao. Hơn nữa, Snapdragon 720G được chế tạo để đáp ứng nhu cầu sử dụng mạng 5G hiện đại &amp; nhanh chóng hơn mạng 4G.</p><p><img src=\"https://cdn.cellphones.com.vn/media/wysiwyg/mobile/oppo/oppo-reno-4-pro-3_2.jpg\" alt=\"Vi xử lý Snapdragon 765G 8 nhân thỏa sức chiến game và dùng mạng 5G\"></p><p>Oppo Reno4 Pro có RAM 8GB cùng 256GB bộ nhớ trong. Điện thoại chạy hệ điều hành ColorOS 7.2 dựa trên nền tảng Android 10 với nhiều tính năng tùy biến cho phép người dùng cá nhân hóa chiếc smartphone của riêng mình.</p><h3>Dung lượng pin 4015 mAh kèm công nghệ sạc nhanh SuperVOOC 2.0</h3><p>Không chỉ có hiệu năng mạnh mẽ, <strong>OPPO Reno 4 Pro</strong> còn có thời lượng pin \"trâu\" qua dung lượng pin 4000mAh. Viên pin như thế sẽ cho phép người dùng thỏa sức chiến game và lướt web mà không lo cạn pin trên chiếc smartphone cao cấp này.</p><p><img src=\"https://cdn.cellphones.com.vn/media/wysiwyg/mobile/oppo/oppo-reno-4-pro-4_1.jpg\" alt=\"Dung lượng pin 4000mAh kèm công nghệ sạc nhanh SuperVOOC 2.0\"></p><p>Tính năng sạc nhanh SuperVOOC 2.0 65W cũng được tích hợp vào Reno 4 Pro, giúp thiết bị có được 60% pin chỉ trong 15 phút và 100% trong vòng hơn nửa tiếng. Chỉ cần cắm sạc trong thời gian ngắn, người dùng sẽ yên tâm sử dụng thiết bị mọi lúc mọi nơi mà không phải lo về thời lượng pin.</p>', 'https://cdn.cellphones.com.vn/media/catalog/product/cache/1/small_image/9df78eab33525d08d6e5fb8d27136e95/_/0/_0001_combo_-_reno4_pro_-_white.jpg', '11990000.00', 200, '33.00', 0, 1, 1, '2022-03-02 18:51:32', '2022-03-02 18:51:32'),
(9, 1, 'iPad 10.2 2021 WiFi 64GB', '<h2><strong>iPad Gen 9 (10.2 inch) 2021 - Hiệu năng đỉnh với mức giá sinh viên</strong></h2><p>Sau sự thành công của chiếc iPad Gen 8 cùng với iPad Air 4, Apple lại tiếp tục rục rịch cho ra mắt thêm sản phẩm mới. Thiết bị mang tên <strong>iPad Gen 9</strong>, kế thừa đặc trưng của dòng nhưng được nâng cấp thêm về hiệu năng cũng như camera.</p><h3><strong>Thiết kế mỏng nhẹ, màn hình kích thước 10.5 inches</strong></h3><p>iPad 10.2 inch 2021 vẫn mang thiết kế đặc trưng bởi sự mỏng và nhẹ, giúp người dùng dễ thao tác, cầm nắm trong hàng giờ liền mà không hề cảm thấy bị mỏi hay khó chịu. Thiết kế nguyên khối đã là nét đặc trưng của dòng sản phẩm iPad giúp mang lại vẻ sang trọng khi sử dụng tên tay.</p><p><img src=\"https://cdn.cellphones.com.vn/media/wysiwyg/tablet/apple/IPAD-10-2-INCH-1.jpg\" alt=\"Thiết kế mỏng nhẹ, màn hình kích thước 10.5 inches\"></p><p>Màn hình của iPad 10.2 inch 2021 kích thước lớn cùng khả năng hiển thị sống động. Màn hình&nbsp;True Tone trên&nbsp;iPad 10.2 inch còn hỗ trợ điều chỉnh&nbsp;màn hình theo nhiệt độ màu.</p><h3><strong>Cấu hình mạnh mẽ bởi chip A13 Bionic, bộ nhớ trong dung lượng lớn</strong></h3><p><strong>iPad Gen 9</strong> được cung cấp sức mạnh bởi con chip A13 Bionic. Đây là con chip được sán xuát trên tiến trình 7nm+, cho phép xử lý hiệu suất cao gấp 6 lần so với thế hệ trước.</p><p><img src=\"https://cdn.cellphones.com.vn/media/wysiwyg/tablet/apple/IPAD-10-2-INCH-3.jpg\" alt=\"Cấu hình mạnh mẽ bởi chip A13 Bionic, bộ nhớ trong 32/ 64 GB\"></p><p>Chưa hết, củng cố thêm sức mạnh cho chiếc iPad Gen 9 đó là dung lượng RAM lớn, hỗ trợ hoạt động đa nhiệm tốt. Bên cạnh đó, người dùng có thêm sự lựa chọn đến từ bộ nhớ trong 64GB. Ngoài ra, thiết bị còn nhiều phiên bản bộ nhớ khác tùy vào nhu cầu sử dụng của người dùng.</p>', 'https://cdn.cellphones.com.vn/media/catalog/product/cache/1/small_image/9df78eab33525d08d6e5fb8d27136e95/i/p/ipad-10-2-2021-4_2.jpg', '10990000.00', 200, '8.00', 1, 0, 1, '2022-03-02 18:54:38', '2022-03-02 18:54:38'),
(10, 1, 'Apple iPad Pro 11 2021 M1 WiFi 128GB', '<h2><strong>iPad Pro 2021 11 inch – Tablet cấu mình mạnh với chip M1 mới</strong></h2><p>Như thường lệ hằng năm Apple lại cho ra mắt chiếc máy tính bảng của mình.&nbsp;<strong>iPad Pro&nbsp;2021 </strong>phiên bản&nbsp;11 inch hứa hẹn mang đến một trải nghiệm mạnh vẽ với nhiều tính năng nổi bật.</p><h3><strong>Thiết kế vuông vức sang trọng, màn hình 11 inch</strong></h3><p>iPad Pro 11 inch 2021 sở hữu ngoại hình mang nhiều điểm tương tự về ngoại hình với chiếc iPad Pro trước đó.&nbsp;<a href=\"https://cellphones.com.vn/tablet/ipad-pro.html\">Apple iPad Pro 2021</a> sử dụng màn hình kích thước 11 inch và sử dụng màn hình LCD truyền thống.&nbsp; Màn hình trên iPad Pro 2021 này với công nghệ màu&nbsp;ProMotion cùng độ phân giải cao&nbsp;264 pixel mỗi inch. Màn hình này cũng được trang bị lớp phủ chống bám vân tay và chống phản xạ, nâng cao trải nghiệm cho người dùng.</p><p><img src=\"https://cdn.cellphones.com.vn/media/wysiwyg/tablet/apple/ipad-pro-11-2021-1.jpg\" alt=\"Một vài điểm khác biệt từ ngoại hình, màn hình 11 inches, Mini-LED\"></p><h3><strong>Sức mạnh kinh ngạc từ con chip Apple M1</strong></h3><p>iPad Pro 11 2021 được cung cấp sức mạnh bởi con chip M1 với CPU 8 nhân và GPU 8 nhân. Nhờ đó mà thế hệ iPad Pro năm nay nhanh hơn rất nhiều lần so với iPad 2010 ban đầu và nhanh hơn tới 50% so với iPad Pro 2020. Theo nhà sản xuất cho biết, những cái tiến này giúp máy thực hiện chỉnh sửa video 4K và thiết kế 3D tốt hơn.</p><p><img src=\"https://cdn.cellphones.com.vn/media/wysiwyg/tablet/apple/ipad-pro-11-2021-2.jpg\" alt=\"Sức mạnh kinh ngạc từ Apple A13Z\"></p><p>iPad Pro 2021 được trang bị đến 4 loa, khung nhôm với chấu sạc từ tính dành cho Apple Pencil nằm ở hai bên hông cũng như cổng USB-C nằm ở cạnh bên dưới để sạc.</p><h3>Cụm camera 12MP mang lại hình ảnh chất lượng</h3><p>Máy tính bảng&nbsp;iPad Pro 2021 được trang bị cụm camera sau với cacmera góc siêu rộng 12MP với góc chụp 122 độ. Bên cạnh là camera siêu rộng 10MP cuối cùng là máy quét LiDAR. Camera trước trên máy với khẩu độ 12MP, hỗ trợ góc chụp lên đến 122 độ.</p><p><img src=\"https://cdn.cellphones.com.vn/media/wysiwyg/tablet/apple/ipad-pro-11-2021-3.jpg\" alt=\"Cụm camera 12MP mang lại hình ảnh chất lượng\"></p><p>Camera trên iPad&nbsp;Pro 2021 với tính năng&nbsp;Smart HDR 3 mang lại khả năng chụp ảnh và quay video một cách toàn diện.</p><h3><strong>Kết nối không dây nhanh chóng với wifi 6 và 5G</strong></h3><p>Máy tính bảng iPad Pro 2021 với hệ thống wifi 6 mang lại khả năng kết nối siêu nhanh. Ngoài ra máy còn được trang bị kết nối 5G thế hệ mới magn lại khả năng truyền tải nhanh vượt trội.</p><p><img src=\"https://cdn.cellphones.com.vn/media/wysiwyg/tablet/apple/ipad-pro-11-2021-1.JPG\" alt=\"Kết nối không dây nhanh chóng với wifi 6 và 5G\"></p><p>Về khả năng giải trí, iPad Pro 2021 với hệ thống 4 loa Dolby Atmos mang đến âm thanh chất lượng như trong rạp hát. Nhờ vậy người dùng có thể thoải mái trải nghiệm nghe nhạc, xem phim với chất lượng âm thanh sống động.</p><h3><strong>Hỗ trợ Apple Pencil cùng hệ điều hành iPad OS mượt mà</strong></h3><p>Tablet iPad Pro 2021 có thể kết nối với Apple Pencil giúp người dùng sử dụng ghi chú tốt hơn. Sự kết hợp này mang lại cảm giác như trực quan và chính xác như đang ghi chú, vẽ tranh trên giấy.&nbsp;Thiết kế Apple Pencil với khả năng gắn từ tính cùng đầu bút có độ nghiêng và độ nhạy cao, tối ưu cho trải nghiệm người dùng.</p><p><img src=\"https://cdn.cellphones.com.vn/media/wysiwyg/tablet/apple/ipad-pro-11-2021-2.JPG\" alt=\"Hỗ trợ Apple Pencil cùng hệ điều hành iPad OS mượt mà\"></p><p>Là một hệ điều hành do chính Apple sản xuất nên iPadOS khá giống iOS. Người dùng iPad Pro 2021 sẽ có thể đa nhiệm một cách dễ dàng. Các thao tác như dán và sao chép cũng được thực hiện một cách dễ dàng hơn.</p><p>iPad Pro 2021 còn sở hữu kho ứng dụng vô cùng phong phú với hơn 1 triệu ứng dụng khác nhau trên AppStore.</p>', 'https://cdn.cellphones.com.vn/media/catalog/product/cache/1/small_image/9df78eab33525d08d6e5fb8d27136e95/a/p/apple_ipad_pro_11_2021_m1_wifi_128gb.png', '23990000.00', 200, '15.00', 0, 0, 1, '2022-03-02 18:55:22', '2022-03-02 18:55:22'),
(11, 1, 'Samsung Galaxy Tab S7 Plus', '<h2><strong>Samsung Galaxy Tab S7+ : Màn hình rộng sắc nét, pin khủng 10.090mAh</strong></h2><p>Máy tính bảng giờ đây đã trở thành một sản phẩm công nghệ quen thuộc và quan trọng đối với rất nhiều người. Ngày qua ngày, người dùng đều mong muốn nhu cầu sử dụng của họ sẽ tốt hơn và đòi hỏi cao hơn về một chiếc tablet Samsung. Thấu hiểu điều đó, tập đoàn Samsung đã cho ra mắt&nbsp;<a href=\"https://cellphones.com.vn/samsung-galaxy-tab-s7.html\">máy tính bảng Samsung Galaxy Tab S7</a> và <strong>Tab S7 Plus</strong>. Đây được xem là chiếc tablet được trang bị những tính năng hiện đại bậc nhất cùng thời lượng pin cực khủng, giúp giải quyết nỗi lo hụt pin cho cả ngày sử dụng.</p><h3>Thiết kế cứng cáp và sang trọng cùng màn hình sAMOLED 12.4 inch</h3><p>Chiếc Samsung Tab S7 Plus là sản phẩm rất được Samsung ưu ái, sở hữu thiết kế cứng cáp với chất liệu kim loại sáng bóng và các góc được bo cong một cách hoàn hảo. Mang đến cho sản phẩm không chỉ là sự cứng cáp, mà được hòa hợp tuyệt vời cùng những đường nét mềm mại.</p><p>Tham khảo thêm: <a href=\"https://cellphones.com.vn/samsung-galaxy-tab-s7-lite.html\">Samsung Galaxy Tab S7 Lite</a></p><p><img src=\"https://cdn.cellphones.com.vn/media/wysiwyg/tablet/samsung/galaxy-tab-s7-plus-1.jpg\" alt=\"Thiết kế cứng cáp và sang trọng cùng màn hình AMOLED 12.4 inch\"></p><p>Màn hình Amoled 12.4 inch và độ phân giải lên đến 2K+, không chỉ mang đến cho bạn một màn hình lớn dễ dàng quan sát và thao tác mà còn có chất lượng hiển thị rất rõ ràng, mọi chi tiết đều sắc nét, sống động, cho bạn những phút giây thưởng thức hình ảnh tốt nhất.</p><p><img src=\"https://cdn.cellphones.com.vn/media/wysiwyg/tablet/samsung/galaxy-tab-s7-plus-2.jpg\" alt=\"Nhiều màu sắc lựa chọn\"></p><h3>Trang bị cảm biến vân tay và bút S-Pen hiện đại và camera sau kép</h3><p><strong>Galaxy Tab S7 Plus</strong> được trang bị bảo mật cảm biến vân tay dưới màn hình, giúp bạn dễ dàng và nhanh chóng đăng nhập hơn, đồng thời cho khả năng bảo mật tốt hơn, người khác sẽ khó có thể mở được máy tính bảng của bạn nếu không dùng vân tay của bạn.</p><p><img src=\"https://cdn.cellphones.com.vn/media/wysiwyg/tablet/samsung/galaxy-tab-s7-plus-3.jpg\" alt=\"Trang bị cảm biến vân tay và bút S-Pen hiện đại và camera sau kép\"></p><p>Không chỉ thế, <a href=\"https://cellphones.com.vn/tablet/samsung.html\">máy tính bảng Samsung</a> Galaxy Tab S7 Plus không thể thiếu S-Pen hiện đại giúp mọi thao tác luôn có độ nhạy tốt, bạn có thể mở tablet và ghi chú nhanh với bút S-Pen thay vì phải gõ sẽ chậm hơn rất nhiều. Ngoài ra, Tab S7+ còn có bộ đôi camera sau với độ phân giải 13MP và 5MP và camera trước 8MP nên hoàn toàn đủ khả ăng đáp ứng nhu cầu chụp ảnh có chất lượng tốt.</p><p><img src=\"https://cdn.cellphones.com.vn/media/wysiwyg/tablet/samsung/galaxy-tab-s7-plus-6.jpg\" alt=\"camera sau kép\"></p><h3>Trang bị chip Snapdragon 865+ mạnh mẽ và RAM 6GB, 128GB bộ nhớ trong</h3><p><strong>Samsung Tab S7 Plus</strong> được trang bị chip Snapdragon 865+ mới nhất hiện nay, vừa được Qualcomm cho ra mắt vào 9/7. Với bộ vi xử lí này, chắc hẳn Tab S7 Plus sẽ mang đến khả năng xử lí cực kì mạnh mẽ và nhanh chóng ngay cả khi xử lí đa nhiệm.</p><p><img src=\"https://cdn.cellphones.com.vn/media/wysiwyg/tablet/samsung/galaxy-tab-s7-plus-4.jpg\" alt=\"Trang bị chip Snapdragon 865+ mạnh mẽ và RAM 6GB, 128GB bộ nhớ trong\"></p><p>Ngoài ra, chiếc máy tính bảng này còn sở hữu RAM 6GB và bộ nhớ trong 128GB cho phép hỗ trợ vi xử lí hoạt động hiệu quả và năng suất hơn, đồng thời bộ nhớ trong 128GB sẽ mở ra khả năng lưu trữ cực lớn cho người dùng, hình ảnh, video hay các ghi chú, ứng dụng lớn đều không thành vấn đề.</p><h3>Dung lượng pin lên đến 10.090 mAh cùng công nghệ sạc nhanh 45W</h3><p>Điểm nhấn vô cùng nổi bật của Samsung Galaxy Tab S7 Plus chính là dung lượng pin đạt đến con số cực khủng 10.090 mAh. Đây là mức pin rất cao dành cho một chiếc tablet so với những sản phẩm có mặt trên thị trường hiện nay. Với mức pin này thậm chí bạn có thể xem chiếc máy tính bảng này như một chiếc sạc dự phòng để sạc pin cho smartphone khi cấp thiết.</p><p><img src=\"https://cdn.cellphones.com.vn/media/wysiwyg/tablet/samsung/galaxy-tab-s7-plus-5.jpg\" alt=\"Dung lượng pin lên đến 10.000 mAh cùng công nghệ sạc nhanh 45W\"></p><p>Ngoài ra, sở hữu công nghệ sạc nhanh 45W giúp Samsung Tab S7 Plus có thể sạc đầy chỉ với thời gian ngắn, tiết kiệm thời gian để bạn có thể nhanh chóng tiếp tục sử dụng và giải quyết công việc.</p><h2><strong>Mua máy tính bảng Samsung Galaxy Tab S7 Plus giá tốt tại CellphoneS</strong></h2><p>Nếu bạn đã bị “hớp hồn” bởi chiếc <strong>Samsung Galaxy Tab S7+ </strong>chính hãng và mong muốn nhanh chóng sở hữu được nó, nhưng cần một địa chỉ có thể đảm bảo về chất lượng của sản phẩm, thì hãy đến ngay CellphoneS. Là hệ thống bán lẻ smartphone, máy tính bảng, laptop hàng đầu tại Hà Nội và TPHCM, CellphoneS luôn đảm bảo về chất lượng sản phẩm cung cấp cho khách hàng cùng với mức giá tốt.</p>', 'https://cdn.cellphones.com.vn/media/catalog/product/cache/1/small_image/9df78eab33525d08d6e5fb8d27136e95/s/a/samsung-galaxy-tab-s7-plus-3.jpg', '23990000.00', 200, '12.00', 0, 0, 1, '2022-03-02 18:58:00', '2022-03-02 18:58:00');
INSERT INTO `products` (`id`, `user_id`, `title`, `summary`, `image`, `price`, `quantity`, `discount`, `banner_1`, `banner_2`, `active`, `created_at`, `updated_at`) VALUES
(12, 1, 'Loa Bluetooth JBL Charge 4', '<h2><strong>Loa JBL Charge 4 – Chống nước IPX7, âm thanh sống động</strong></h2><p><i><strong>Loa JBL Charge 4</strong> là chiếc </i><a href=\"https://cellphones.com.vn/thiet-bi-am-thanh/loa/loa-bluetooth.html\"><i>loa bluetooth</i></a><i> thế hệ thứ tư thuộc dòng JBL Charge. Bạn sẽ có một bữa tiệc BBQ ngoài trời, hồ bơi hay bãi biển, ngập tràn âm thanh sống động, thỏa sức chơi đùa cùng với bạn bè.</i></p><p><i>&gt;&gt; tham khảo thêm: </i><a href=\"https://cellphones.com.vn/loa-bluetooth-jbl-charge-5.html\"><i>Giá JBL Charge 5</i></a><i>, sản phẩm sắp được lên kệ trên toàn quốc trong thời gian sắp tới.</i></p><h2><strong>JBL Charge 4</strong><i><strong> -&nbsp;</strong></i><strong>Thiết kế loa Charge 4&nbsp;JBL&nbsp;nhỏ gọn, tiện lợi</strong></h2><p>Các sản phẩm loa của JBL đều có thiết kế dựng đứng được hoặc nằm ngang cực kỳ tiện dụng. Ở bất kỳ nơi nào, <strong>loa Charge 4</strong> đều có thể đứng vững. Bên cạnh đó, với thiết kế hình trụ, người dùng dễ dàng cầm loa thẳng đứng. Hai đầu của loa cũng được bọc vải dệt đóng vai trò làm nơi tiếp xúc với nền để loa có thể đứng được và cũng bảo vệ được các phím điều khiển. Giống với phiên bản thứ ba, phiên bản lần này&nbsp;cũng tạo ra nhiều phiên bản màu sắc đa dạng như: xanh, đen, đỏ, xám…</p><p><img src=\"https://cdn.cellphones.com.vn/media/wysiwyg/accessories/speaker/loa-bluetooth-jbl-charge-4-1.jpg\" alt=\"loa jbl charge 4 thiết kế nhỏ gọn, tiện lợi\"></p><h2><strong>Loa bluetooth JBL Charge 4 kết nối nhanh, âm thanh sống động</strong></h2><p><strong>Loa bluetooth JBL Charge 4</strong> được trang bị kết nối chuẩn Bluetooth 4.2, cho tốc độ kết nối nhanh hơn và ổn định hơn so với các sản phẩm loa thông thường khác. Bên cạnh đó, loa còn hỗ trợ kết nối Bluetooth hai thiết bị cùng lúc lần lượt phát âm thanh Stereo ấn tượng, cho khả năng kết nối linh hoạt hơn trong việc sử dụng rất nhiều.</p><p><img src=\"https://cdn.cellphones.com.vn/media/wysiwyg/accessories/speaker/loa-bluetooth-jbl-charge-4-2.jpg\" alt=\"jbl charge 4 thiết kế nút bấm trên đỉnh loa\"></p><p>Đối với các thiết bị phát không có kết nối Bluetooth, người dùng có thể sử dụng kết nối cổng audio 3.5mm ở phía sau loa. Khi người dùng đang nghe nhạc mà có cuộc gọi đến, người dùng chỉ cần nhấn vào nút đàm thoại trực tiếp ở ngay trên thân JBL&nbsp;Charge 4 mà không cần mở điện thoại để thao tác.</p><p><img src=\"https://cdn.cellphones.com.vn/media/wysiwyg/accessories/speaker/loa-bluetooth-jbl-charge-4-3.jpg\" alt=\"cổng audio 3.5mm dành cho thiết bị không kết nối bluetooth\"></p><p><strong>Loa JBL Charge 4</strong> có công suất 30 W, lớn hơn 1/3 so với phiên bản thế hệ thứ ba và tích hợp công nghệ Bass Radiator mang lại âm thanh trung thực và sống động hơn. Đặc biệt, âm bass rất mạnh mẽ, người dùng thoải sức tận hưởng những bản nhạc yêu thích của mình. Để tăng khả năng trải nghiệm cùng với đám đông, người dùng chỉ cần kích hoạt JBL Connect+ cho phép kết nối hơn 100 chiếc loa.</p><p><img src=\"https://cdn.cellphones.com.vn/media/wysiwyg/accessories/speaker/loa-bluetooth-jbl-charge-4-4.jpg\" alt=\"kết nối 100 chiếc loa với JBL Connect+\"></p><h2><strong>Loa Charge 4 được trang bị chuẩn chống nước IPX7</strong></h2><p>Điểm nổi bật ở chiếc <a href=\"https://cellphones.com.vn/thiet-bi-am-thanh/loa/jbl.html\">loa JBL</a> này là người dùng có thể nghe nhạc ngay cả khi đi bơi. Với khả năng chống nước IPX7, bạn có thể an tâm sử dụng mà không phải sợ loa bị thấm nước vào bên trong gây hư hỏng.</p><p><img src=\"https://cdn.cellphones.com.vn/media/wysiwyg/accessories/speaker/loa-bluetooth-jbl-charge-4-5.jpg\" alt=\"loa jbl charge 4 được trang bị chuẩn kháng nước IPX7\"></p><p><strong>JBL Charge 4</strong> còn được trang bị lõi pin Lithium-ion polymer với dung lượng cao lên đến 7.500 mAh, giúp người dùng thoải mái cùng bạn bè chơi đùa lên tới 20 tiếng và chỉ cần 5,5 tiếng sạc là đầy pin. Ngoài ra, người dùng cũng dễ dàng theo dõi dung lượng pin còn lại để kiểm soát không bị hết pin giữa chừng thông qua một đèn LED thông minh.</p><p><img src=\"https://cdn.cellphones.com.vn/media/wysiwyg/accessories/speaker/loa-bluetooth-jbl-charge-4-6.jpg\" alt=\"thời lượng pin jbl charge 4 lên đến 20h\"></p>', 'https://cdn.cellphones.com.vn/media/catalog/product/cache/1/small_image/9df78eab33525d08d6e5fb8d27136e95/j/b/jbl-charge-4.jpg', '3990000.00', 200, '34.00', 0, 0, 1, '2022-03-02 18:58:47', '2022-03-02 18:58:47'),
(13, 1, 'Loa Bluetooth Harman Kardon Onyx Studio 6', '<h2><strong>Harman Kardon Onyx Studio 6 – Tạo hình giọt nước độc đáo cùng thời gian sử dụng lên đến 8 tiếng</strong></h2><p><i>Nếu như đang tìm kiếm cho mình một chiếc </i><a href=\"https://cellphones.com.vn/thiet-bi-am-thanh/loa/loa-bluetooth.html\"><i>loa bluetooth cầm tay chính hãng</i></a><i> di động có tạo hình giọt nước độc đáo cùng chất âm vô cùng tinh tế thì sản phẩm&nbsp;<strong>loa bluetooth Harman Onyx Studio 6</strong>&nbsp;sẽ là một sự lựa chọn không thể phù hợp hơn.&nbsp;Harman Kardon từ lâu đã là một thương hiệu khẳng định được tên tuổi của mình với những thiết bị âm thanh chất lượng cùng&nbsp; với viêc sở hữu thiết kế sang trọng. Đây là yếu tốt hấp dẫn được khách hàng.&nbsp;</i></p><p><i>&gt;&gt;Tham khảo ngay: </i><a href=\"https://cellphones.com.vn/loa-bluetooth-harman-kardon-onyx-studio-7.html\"><i>Loa Harman Kardon Onyx studio 7</i></a><i>, sắp được ra mắt và lên kệ trong thời gian sắp tới.</i></p><h3><strong>Harman Onyx Studio 6</strong><i><strong> -&nbsp;</strong></i><strong>Tạo hình giọt nước độc đáo cùng trọng lượng chỉ có 3kg</strong></h3><p>Đầu tiên chúng ta sẽ nói về thiết kế của sản phẩm khi được tạo hình giọt nước vô cùng độc đáo. Dù không có quá nhiều thay đổi so với phiên bản tiền nhiệm nhưng đây cũng là một trong những điểm nổi bật và thu hút được rất nhiều sự chú ý khi sản phẩm <a href=\"https://cellphones.com.vn/thiet-bi-am-thanh/loa/harman-kardon.html\">loa Harman</a> Onyx Studio 6 được ra mắt.</p><p><img src=\"https://cdn.cellphones.com.vn/media/wysiwyg/accessories/speaker/loa-harman-onyx-studio-6-hinh1.jpg\" alt=\"Tạo hình giọt nước độc đáo cùng trọng lượng chỉ có 3kg\"></p><p>Dễ dàng nhận thấy đây là một chiếc loa dành cho gia đình khi sản phẩm này sở hữu trọng lượng vô cùng gọn nhẹ. Với chất liệu cao cấp mà chiếc loa sở hữu thì sản phẩm chỉ có trọng lượng 3 kg. Vô cùng gọn nhẹ khi có thể mang đem đi theo các chuyến du lịch cùng gia đình hoặc bạn bè. Thiết kế quai cầm và sự bền bỉ khi sử dụng ở điều kiện ngoài trời khiến cho các bữa tiệc hoặc các cuộc vui chơi thêm rất nhiều màu sắc.</p><h3><strong>Công nghệ kết nối bluetooth v4.2 cùng chất âm vô cùng chân thực tinh tế</strong></h3><p>Bên cạnh một thiết kế giọt nước độc đáo thì sản phẩm <strong>Harman Kardon Onyx Studio 6</strong> còn được tích hợp công nghệ kết nối bluetooth v4.2 vô cùng hiện đại. Onyx studio 6 có thể kết nối hai với hai thiết bị di động cùng lúc. Ngoài ra, trên thiết bị âm thanh này còn có tính năng kết nối Dual Sound cho phép người dùng có thể kết nối 2 loa Onyx Studio 6 với nhau tạo thành cặp loa di động, cho trải nghiệm mới lạ, tuyệt vời về âm thanh.</p><p><img src=\"https://cdn.cellphones.com.vn/media/wysiwyg/accessories/speaker/loa-harman-onyx-studio-6-hinh2.jpg\" alt=\"Công nghệ kết nối bluetooth v4.2 cùng chất âm vô cùng chân thực tinh tế\"></p><p>Loa di động Harman Onyx Studio 6 cho chất lượng âm thanh tinh tế, trong khỏe, không quá sáng, không có quá nhiều bass. Đáp ứng âm thanh chân thực của nhiều thể loại âm nhạc, dải bass khỏe, dày, trung âm woofer gọn gang, treble bóc lớp các nhạc cụ một cách xuất sắc.</p><h3><strong>Thời lượng sử dụng lên đến 8 tiếng và khả năng sạc đầy trong 5 tiếng</strong></h3><p>Một điểm nổi bật nữa của chiếc loa di động <strong>Harman Kardon Onyx Studio 6</strong> là thời gian sử dụng của nó lên đến tận 8 tiếng sử dụng liên tục. Trang bị viên pin 3.635 V/3283 mAh Lithium-ion sẽ cho người dùng khả năng tận hưởng không gian âm nhạc tuyệt vời cùng chất âm chân thực đến chi tiết mà chiếc loa này mang lại.</p><p><img src=\"https://cdn.cellphones.com.vn/media/wysiwyg/accessories/speaker/loa-harman-onyx-studio-6-hinh3.jpg\" alt=\"Thời lượng sử dụng lên đến 8 tiếng và khả năng sạc đầy trong 5 tiếng\"></p><p>Bên cạnh viên pin dung lượng cao thì khả năng sạc đầy cũng là một điều mà người dùng cần quan tâm. Với chỉ 5 tiếng sạc thì chiếc loa của chúng ta có thể sử dụng trở lại và sẵn sàng đem cả không gian âm nhạc đến với bạn. Điều này sẽ cực kỳ phù hợp cho những buổi tiệc ngoài trời hoặc cắm trại thì một không gian âm nhạc lúc nào cũng cần thiết.</p>', 'https://cdn.cellphones.com.vn/media/catalog/product/cache/1/small_image/9df78eab33525d08d6e5fb8d27136e95/h/a/harman-kardon-onyx-studio-6_1.jpg', '4990000.00', 200, '0.00', 0, 0, 1, '2022-03-02 18:59:55', '2022-03-02 18:59:55'),
(14, 1, 'Tai nghe Bluetooth Apple AirPods 2 VN/A', '<h2><strong>Tai nghe Apple AirPods 2 – Thiết kế tối giản, chất lượng âm thanh tuyệt vời</strong></h2><p><i>Vừa qua, Apple đã chính thức cho ra mắt chiếc tai nghe <strong>Airpods 2</strong>. Thế hệ thứ 2 lần này không có nhiều sự khác biệt so với thế hệ đầu về ngoại hình, trừ một số chi tiết về đèn báo hiệu cũng như ra mắt thêm phiên bản sạc không dây và sạc thường (sạc có dây). Ngoài ra, bạn có thể tham khảo thêm </i><a href=\"https://cellphones.com.vn/apple-airpods-pro.html\"><i>Apple Airpods Pro</i></a><i>, sắp được ra mắt trong thời gian tới.</i></p><h3>AirPods 2 chính hãng VN/A là gì? Vì sao nên lựa chọn?</h3><p>Đầu tiên, AirPods 2 chính hãng VN/A là hàng chính hãng do Apple sản xuất theo tiêu chuẩn của thị trường Việt Nam. Thiết bị được phân phối chính hãng thông qua các đại lý ủy quyền của Apple. Vậy tai nghe bluetooth Apple AirPods 2 chính hãng VN/A có gì khác những mẫu tai nghe cũ, tai nghe xách tay?</p><p><img src=\"https://cdn.cellphones.com.vn/media/wysiwyg/accessories/earphone/tai-nghe-bluetooth-airpods-2-vna_1.png\" alt=\"Tai nghe AirPods 2 VN/A là gì? Vì sao khách hàng nên chọn tai nghe bluetooth Apple AirPods 2 VN/A\"></p><p><strong>AirPods 2 chính hãng VN/A</strong> là hàng mới nên chất lượng hoàn toàn được đảm bảo. Ngoài ra, khi mua tai nghe bluetooth Apple AirPods 2 VN/A khách hàng sẽ được hưởng gói bảo hành ưu đãi, cụ thể được đổi mới trong vòng 30 ngày tại CellphoneS, bảo hành 1 năm tại các trung tâm bảo hành ủy quyền của Apple tại Việt Nam. Khi mua máy khách hàng cũng được cung cấp đầy đủ hóa đơn chứng minh nguồn gốc cũng như phụ kiện kèm theo.</p><h3>Dung lượng pin lớn, sử dụng bền bỉ</h3><p>AirPods 2 chính hãng VN/A có dung lượng pin khá ấn tượng. Tai nghe cho 5 giờ chơi nhạc và 3 giờ đàm thoại. Ngoài ra, hộp sạc cũng sở hữu tính năng tính pin, cho thêm 24 giờ sử dụng.</p><p><img src=\"https://cdn.cellphones.com.vn/media/wysiwyg/accessories/earphone/tai-nghe-bluetooth-airpods-2-vn-a-6.jpg\" alt=\"Tai nghe AirPods 2 chính hãng VN/A phiên bản sạc thường sở hữu dung lượng pin lớn\"></p><p>AirPods 2 có 2 phiên bản: sạc không dây và sạc có dây (sạc thường). Phiên bản chúng ta đang nói đến là phiên bản sạc thường. Tuy nhiên, <strong>tai nghe AirPods 2</strong> sạc có dây ngoài cách thức sạc pin, tai nghe không có quá nhiều khác biệt so với phiên bản sạc không dây.</p><h3>Thiết kế nhỏ gọn, bắt mắt</h3><p>Về cơ bản <a href=\"https://cellphones.com.vn/thiet-bi-am-thanh/tai-nghe/tai-nghe-bluetooth.html\">tai nghe bluetooth</a>&nbsp;Apple AirPods 2 vẫn sở hữu thiết kế thời trang và nhỏ gọn, trọng lượng 4g cũng rất nhẹ không khác mấy so với tai nghe AirPods thế hệ đầu tiên. Nó cũng vẫn giữ nguyên thiết kế với màu trắng đặc trưng cho các dòng tai nghe. Đây là tai nghe wireless 100% và có khả năng tích hợp với mọi thiết bị Apple khác nhau nên bạn có thể linh hoạt sử dụng.</p><p><img src=\"https://cdn.cellphones.com.vn/media/wysiwyg/accessories/earphone/tai-nghe-bluetooth-airpods-2-vn-a-1.jpg\" alt=\"Tai nghe AirPods 2 vẫn giữ thiết kế nhỏ gọn, bắt mắt của từ Airpods 1\"></p><p>Thêm vào đó, chúng còn được phủ lên thêm một lớp chất liệu mới ở đầu mỗi tai nghe để giúp tai nghe được bám hơn trên tai người đeo, tương tự như lớp phủ mặt kính mờ trên mặt lưng của chiếc Pixel 3 mà Google đã trang bị cho chiếc điện thoại của mình.</p><h3>Chip H1 cho khả năng kết nối nhanh hơn, mở Siri bằng giọng nói</h3><p>Tai nghe Apple AirPods 2 trang bị chip H1 được hy vọng sẽ giúp kết nối ổn định hơn, mượt mà hơn thế hệ tiền nhiệm, cho người dùng nhiều trải nghiệm tốt hơn. Do đó, thay vì sử dụng chip W1 như các thế hệ sản phẩm cũ thì thế hệ mới 2019 lại được thêm vào chip H1 mạnh mẽ giúp giảm thiểu thời gian chuyển đổi giữa hai thiết bị và gia tăng thời gian đàm thoại lên đến 5 giờ liên tục.</p><p><img src=\"https://cdn.cellphones.com.vn/media/wysiwyg/accessories/earphone/tai-nghe-bluetooth-airpods-2-vn-a-2.jpg\" alt=\"Chip H1 cho khả năng kết nối nhanh hơn\"></p><p>Trước đây, người dùng phải chạm hai lần vào tai nghe để kích hoạt trợ lý ảo Siri thì bây giờ tai nghe <strong>Airpods 2</strong> đã có sự cải tiến khi bạn chỉ cần thu âm giọng nói là có thể mở Siri chờ lệnh ngay. Tính năng này giúp bạn có thể dễ dàng điều chỉnh tai nghe mà không cần thao tác quá nhiều. Điều này cho phép người dùng có thể tương tác với Siri khi iPhone để trong túi quần.</p><p><img src=\"https://cdn.cellphones.com.vn/media/wysiwyg/accessories/earphone/tai-nghe-bluetooth-airpods-2-vn-a-3.jpg\" alt=\"mở Siri bằng giọng nói\"></p><p>&gt;&gt;&gt;Xem thêm: <a href=\"https://cellphones.com.vn/apple-airpods-3.html\">Tai nghe Apple Airpods 3</a> mới nhất sắp được ra mắt trong thời gian sắp tới.</p><h3>Tính năng chống ồn vượt trội</h3><p>Một trong những tính năng được Apple nâng cấp trên Airpods 2 chính là khả năng chống ồn. Theo báo cáo từ công ty phân tích Barclays, tai nghe AirPods có khả năng chống ồn, xử lý âm thanh bên ngoài tốt hơn so với tai nghe AirPods đời đầu với khả năng chống ồn còn hạn chế. Bên cạnh đó, tai nghe AirPods 2 có thể sẽ được Apple sử dụng công nghệ chống ồn vật lý, khác với chống ồn điện từ như những tai nghe headphone. Với khả năng chống ồn tốt hơn này, tai nghe AirPods hứa hẹn sẽ cho ra chất âm tuyệt vời và cải thiện khoảng cách kết nối giữa các thiết bị.</p><p><img src=\"https://cdn.cellphones.com.vn/media/wysiwyg/accessories/earphone/tai-nghe-bluetooth-airpods-2-vn-a-5.jpg\" alt=\"chống ồn tốt\"></p>', 'https://cdn.cellphones.com.vn/media/catalog/product/cache/1/small_image/9df78eab33525d08d6e5fb8d27136e95/a/i/airpods-2_6.jpg', '3990000.00', 200, '20.00', 0, 0, 1, '2022-03-02 19:00:59', '2022-03-02 19:00:59'),
(15, 1, 'Tai nghe Bluetooth Samsung Galaxy Buds Pro', '<h2><strong>Tai nghe Samsung Galaxy Buds Pro - Thiết kế tinh tế cùng chất âm đột phá</strong></h2><p>Tai nghe True Wireless Samsung Galaxy Buds Pro là dòng sản phẩm tai nghe không dây thế hệ mới nhất từ Samsung. Với phiên bản lần này được lột xác hoàn toàn về thiết kế cũng như chất âm xứng đáng là lựa chọn hàng đầu cho người dùng đang mong muốn tìm cho mình một chiếc tai nghe không dây cao cấp để đồng hành cùng mình trong công việc và giải trí.</p><h3><strong>Thiết kế công thái học cho trải nghiệm đeo thoải mái và hoàn hảo</strong></h3><p><a href=\"https://cellphones.com.vn/thiet-bi-am-thanh/tai-nghe/tai-nghe-bluetooth.html\">Tai nghe không dây bluetooth</a> Samsung Galaxy Buds Pro sở hữu một thiết kế bầu dục, khác với thiết kế bo tròn trên thế hệ tiền nhiệm. Được phủ thêm một lớp sơn bóng giúp làm nổi bật thiết kế của tai nghe thêm phần bắt mắt, nổi bật dưới mọi góc nhìn.</p><p><img src=\"https://cdn.cellphones.com.vn/media/wysiwyg/accessories/earphone/galaxy-buds-pro-1.JPG\" alt=\"Thiết kế công thái học cho trải nghiệm đeo thoải mái và hoàn hảo\"></p><p>Thiết kế công thái học với kích thước nhỏ gọn, vừa vặn ôm khí đôi tai của người dùng. Giúp bạn trải nghiệm cảm giác thoải mái và dễ chịu cả ngày dài cùng giai điệu âm thanh mà Galaxy Buds Pro mang đến.</p><h3><strong>Chống ồn chủ động ANC, làm chủ âm thanh mà bạn mong muốn</strong></h3><p>Samsung tích hợp cho tai nghe Bluetooth Samsung Galaxy Buds Pro công nghệ chống ồn chủ động ANC tiên tiến. Giúp lọc tạp âm hiệu quả để bạn có thể thưởng thức âm thanh, nhận thông báo tin nhắn và gọi thoại với chất lượng tốt nhất.</p><p><img src=\"https://cdn.cellphones.com.vn/media/wysiwyg/accessories/earphone/galaxy-buds-pro-2.JPG\" alt=\"Chống ồn chủ động ANC, làm chủ âm thanh mà bạn mong muốn\"></p><p>Người dùng có thể dễ dàng bật tắt tính năng chống ồn chủ động trên Galaxy Buds Pro nhanh chóng. Làm chủ âm thanh mà bạn mong muốn giờ đây dễ dàng hơn bao giờ hết.</p><p>Ngoài ra, bạn có thể xem thêm: <a href=\"https://cellphones.com.vn/samsung-galaxy-buds-pro-2.html\">Tai nghe Samsung Galaxy Buds Pro 2 chính hãng</a>, sắp được lên kệ trên toàn quốc.</p><h3><strong>Màng loa 12nm mang đến chất âm sống động, tinh chỉnh bởi AKG</strong></h3><p>Tận hưởng chất âm lôi cuốn, sôi động trên tai nghe không dây Samsung Galaxy Buds Pro nhờ sự kết hợp hoàn hảo giữa màng loa 12nm được tinh chỉnh bởi AKG. Chất âm cho ra luôn sáng rõ và chân thực nhất.</p><p><img src=\"https://cdn.cellphones.com.vn/media/wysiwyg/accessories/earphone/galaxy-buds-pro-7.jpg\" alt=\"Màng loa 12nm mang đến chất âm sống động, tinh chỉnh bởi AKG\"></p><p>Ngoài ra driver lớn cùng ống bass giúp tăng cường âm thanh ở tần số thấp hơn, cho âm thanh lớn và vang vọng. Nâng cao chất lượng những bản nhạc nhưng đang nghe trong khán phòng.</p><h3><strong>Tích hợp 3 mic thu cùng bộ thu nhận giọng nói thế hệ mới nâng cao chất lượng đàm thoại</strong></h3><p>Không chỉ mạnh mẽ về chất âm truyền tải, tai nghe True Wireless Samsung Galaxy Buds Pro còn sở hữu chất lượng đàm thoại tốt nhất với hệ thống 3 mic chất lượng cao ở mỗi bên cùng bộ thu nhận giọng nói thế hệ mới.</p><p><img src=\"https://cdn.cellphones.com.vn/media/wysiwyg/accessories/earphone/galaxy-buds-pro-3.jpg\" alt=\"Tích hợp 3 mic thu\"></p><p>Bộ thu nhận giọng nói cảm nhận chuyển động từ xương hàm của người dùng. Từ đó chuyển đổi thành tín hiệu thoại giúp cải thiện chất lượng âm thanh, dù là đang thực hiện gọi thoại trong môi trường nhiều tiếng ồn.</p><h3><strong>Thao tác cảm ứng chính xác, tích hợp Spotify mạnh mẽ</strong></h3><p>Mang đến một trải nghiệm hoàn hảo nhất, tai nghe Bluetooth Samsung Galaxy Buds Pro sử dụng thao tác cảm ứng để tương tác với tai nghe. Chạm 1 lần để tạm dừng hoặc phát nhạc, chạm 2 lần để chuyển bài hoặc kết thúc cuộc gọi.</p><p><img src=\"https://cdn.cellphones.com.vn/media/wysiwyg/accessories/earphone/galaxy-buds-pro-4.jpg\" alt=\"Thao tác cảm ứng chính xác, tích hợp Spotify mạnh mẽ\"></p><p>Tận hưởng hàng triệu nội dung podcast và bài hát miễn phí trên Spotify bất cứ khi nào bạn mong muốn. Chỉ cần chạm và giữ 1 giây, ứng dụng Spotify sẽ mở ra để bạn có thể nghe những bài hát yêu thích trong tích tắc.</p><h3><strong>Làm việc và giải trí liên tục không lo gián đoạn với thời lượng pin lên đến 20 giờ</strong></h3><p>Tích hợp viên pin 61Mah trên mỗi tai nghe và 472mAh trên hợp sạc.&nbsp;Galaxy Buds Pro&nbsp;mang đến thời gian sử dụng ấn tượng đến 5 tiếng và 20 tiếng khi có hộp sạc đi kèm. Giúp bạn thoải mái tiếp tục công việc và giải trí mà không lo bị gián đoạn bởi vấn đề về pin trên tai nghe.</p><p><img src=\"https://cdn.cellphones.com.vn/media/wysiwyg/accessories/earphone/galaxy-buds-pro-5.jpg\" alt=\" thời lượng pin lên đến 21 giờ\"></p><p>Tai nghe tích hợp sạc nhanh, với 5 phút sạc đã có ngay cho bạn 1 giờ phát để quay lại thưởng thức các bản nhạc hay lắng nghe podcast. Hỗ trợ khả năng sạc không dây giúp bạn thể dụng điện thoại thông minh để sạc đầy cho tai nghe nhanh chóng và tiện lợi.</p><h3><strong>Chia sẻ cùng bạn bè những bài hát ưa thích với tính năng Buds Together</strong></h3><p>Bạn muốn chia sẻ với bạn bè những bản nhạc mà bạn ưu thích mà không cần chia sẻ tai nghe. Samsung Galaxy Buds Pro đáp ứng cho bạn điều đó với tính năng Buds Together giúp kết nối tai nghe của bạn và bạn bè để chia sẻ nhạc cho nhau.</p><p><img src=\"https://cdn.cellphones.com.vn/media/wysiwyg/accessories/earphone/galaxy-buds-pro-6.jpg\" alt=\"Chia sẻ cùng bạn bè những bài hát ưa thích với tính năng Buds Together\"></p><h3><strong>Phần mềm Galaxy Wearable trên cả iOS và Android, khả năng két nối liền mạch giữa các thiết bị</strong></h3><p>Phần mềm Galaxy Wearable có cả trên 2 kho ứng dụng AppStore và Google Play giúp ghép nối thông minh cho cả điện thoại Android và iOS.</p><p><img src=\"https://cdn.cellphones.com.vn/media/wysiwyg/accessories/earphone/galaxy-buds-pro-8.JPG\" alt=\"Phần mềm Galaxy Wearable\"></p><p>Phần mềm với giao diện dễ nhìn, cung cấp thông tin về tai nghe, thời lượng pin của 2 tai nghe và hộp sạc, tự động nâng cấp khi có cập nhật. Tính năng Bluetooth Info Synce cho phép chuyển đổi liền mạch giữa các thiết bị với nhau.</p>', 'https://cdn.cellphones.com.vn/media/catalog/product/cache/1/small_image/9df78eab33525d08d6e5fb8d27136e95/b/u/buds-pro_1.jpg', '4990000.00', 200, '50.00', 0, 0, 1, '2022-03-02 19:01:57', '2022-03-02 19:01:57');

-- --------------------------------------------------------

--
-- Cấu trúc bảng cho bảng `users`
--

CREATE TABLE `users` (
  `id` bigint(20) UNSIGNED NOT NULL,
  `first_name` varchar(191) COLLATE utf8mb4_unicode_ci NOT NULL,
  `middle_name` varchar(191) COLLATE utf8mb4_unicode_ci DEFAULT NULL,
  `last_name` varchar(191) COLLATE utf8mb4_unicode_ci NOT NULL,
  `mobile` varchar(10) COLLATE utf8mb4_unicode_ci DEFAULT NULL,
  `email` varchar(191) COLLATE utf8mb4_unicode_ci NOT NULL,
  `email_verified_at` timestamp NULL DEFAULT NULL,
  `password` varchar(191) COLLATE utf8mb4_unicode_ci NOT NULL,
  `remember_token` varchar(100) COLLATE utf8mb4_unicode_ci DEFAULT NULL,
  `admin` tinyint(1) NOT NULL DEFAULT 0,
  `intro` varchar(191) COLLATE utf8mb4_unicode_ci DEFAULT NULL,
  `profile` text COLLATE utf8mb4_unicode_ci DEFAULT NULL,
  `last_login` datetime DEFAULT NULL,
  `created_at` timestamp NULL DEFAULT NULL,
  `updated_at` timestamp NULL DEFAULT NULL
) ENGINE=InnoDB DEFAULT CHARSET=utf8mb4 COLLATE=utf8mb4_unicode_ci;

--
-- Đang đổ dữ liệu cho bảng `users`
--

INSERT INTO `users` (`id`, `first_name`, `middle_name`, `last_name`, `mobile`, `email`, `email_verified_at`, `password`, `remember_token`, `admin`, `intro`, `profile`, `last_login`, `created_at`, `updated_at`) VALUES
(1, 'Phuc', 'Hoang', 'Dang', '0123456789', 'admin@gmail.com', NULL, '$2y$10$IdZhRTNEBoMg3nf9dDGsquIUc7yPPC14.G4N.thPdmKhifkZw8Wiu', NULL, 1, NULL, NULL, '2022-03-03 02:30:08', '2022-03-02 18:03:57', '2022-03-02 19:30:08'),
(2, 'Hải', 'Thanh', 'Nguyễn', NULL, 'haint@kma.com', NULL, '$2y$10$AIuCtbdxhExEg0x5Qfnxlez6gG0UueIri7hSO9jajd0MPaTsKMrzO', NULL, 0, NULL, NULL, NULL, '2022-03-02 19:10:55', '2022-03-02 19:10:55'),
(3, 'h', 'dfg', 'h', NULL, 'j4BnDl7LiK@gmail.com', NULL, '$2y$10$c16zU/htWjsgJKg85clvRODiL845c0kfXSYCSOoZyVmtmdMCEL8uG', NULL, 0, NULL, NULL, '2022-03-03 02:33:02', '2022-03-02 19:30:41', '2022-03-02 19:33:02');

--
-- Chỉ mục cho các bảng đã đổ
--

--
-- Chỉ mục cho bảng `categories`
--
ALTER TABLE `categories`
  ADD PRIMARY KEY (`id`),
  ADD KEY `categories_parent_id_foreign` (`parent_id`);

--
-- Chỉ mục cho bảng `category_product`
--
ALTER TABLE `category_product`
  ADD KEY `category_product_product_id_foreign` (`product_id`),
  ADD KEY `category_product_category_id_foreign` (`category_id`);

--
-- Chỉ mục cho bảng `failed_jobs`
--
ALTER TABLE `failed_jobs`
  ADD PRIMARY KEY (`id`);

--
-- Chỉ mục cho bảng `migrations`
--
ALTER TABLE `migrations`
  ADD PRIMARY KEY (`id`);

--
-- Chỉ mục cho bảng `password_resets`
--
ALTER TABLE `password_resets`
  ADD KEY `password_resets_email_index` (`email`);

--
-- Chỉ mục cho bảng `products`
--
ALTER TABLE `products`
  ADD PRIMARY KEY (`id`),
  ADD KEY `products_user_id_foreign` (`user_id`);

--
-- Chỉ mục cho bảng `users`
--
ALTER TABLE `users`
  ADD PRIMARY KEY (`id`),
  ADD UNIQUE KEY `users_email_unique` (`email`);

--
-- AUTO_INCREMENT cho các bảng đã đổ
--

--
-- AUTO_INCREMENT cho bảng `categories`
--
ALTER TABLE `categories`
  MODIFY `id` bigint(20) UNSIGNED NOT NULL AUTO_INCREMENT, AUTO_INCREMENT=23;

--
-- AUTO_INCREMENT cho bảng `failed_jobs`
--
ALTER TABLE `failed_jobs`
  MODIFY `id` bigint(20) UNSIGNED NOT NULL AUTO_INCREMENT;

--
-- AUTO_INCREMENT cho bảng `migrations`
--
ALTER TABLE `migrations`
  MODIFY `id` int(10) UNSIGNED NOT NULL AUTO_INCREMENT, AUTO_INCREMENT=7;

--
-- AUTO_INCREMENT cho bảng `products`
--
ALTER TABLE `products`
  MODIFY `id` bigint(20) UNSIGNED NOT NULL AUTO_INCREMENT, AUTO_INCREMENT=16;

--
-- AUTO_INCREMENT cho bảng `users`
--
ALTER TABLE `users`
  MODIFY `id` bigint(20) UNSIGNED NOT NULL AUTO_INCREMENT, AUTO_INCREMENT=4;

--
-- Các ràng buộc cho các bảng đã đổ
--

--
-- Các ràng buộc cho bảng `categories`
--
ALTER TABLE `categories`
  ADD CONSTRAINT `categories_parent_id_foreign` FOREIGN KEY (`parent_id`) REFERENCES `categories` (`id`) ON DELETE CASCADE;

--
-- Các ràng buộc cho bảng `category_product`
--
ALTER TABLE `category_product`
  ADD CONSTRAINT `category_product_category_id_foreign` FOREIGN KEY (`category_id`) REFERENCES `categories` (`id`) ON DELETE CASCADE,
  ADD CONSTRAINT `category_product_product_id_foreign` FOREIGN KEY (`product_id`) REFERENCES `products` (`id`) ON DELETE CASCADE;

--
-- Các ràng buộc cho bảng `products`
--
ALTER TABLE `products`
  ADD CONSTRAINT `products_user_id_foreign` FOREIGN KEY (`user_id`) REFERENCES `users` (`id`) ON DELETE CASCADE;
COMMIT;

/*!40101 SET CHARACTER_SET_CLIENT=@OLD_CHARACTER_SET_CLIENT */;
/*!40101 SET CHARACTER_SET_RESULTS=@OLD_CHARACTER_SET_RESULTS */;
/*!40101 SET COLLATION_CONNECTION=@OLD_COLLATION_CONNECTION */;
